Id,Label
n6,Quannum MC's,west
n7,Souls Of Mischief,west
n8,Latyrx,west
n9,El-P,east
n10,DJ Shadow,west
n11,DJ Krush,japan
n18,Depeche Mode,uk
n19,Push Button Objects,south
n20,Del Tha Funkee Homosapien,west
n21,Mr. Lif,east
n22,DJ Craze,south
n23,Fresh 4,uk
n24,Lizz E.,uk
n25,Hibahihi,japan
n26,Silent Poets,japan
n29,UNKLE,uk
n30,Takagi Kan,japan
n44,Nairobi,japan
n45,Awesome Foursome,east
n48,Coldcut,uk
n49,Floormaster Squeeze,uk
n52,Grandmaster Flash,east
n53,Melle Mel,east
n54,The Furious Five,east
n57,Leftfield,uk
n58,Roots Manuva,uk
n59,Goldie,uk
n60,KRS-One,east
n63,Ronny Jordan,uk
n66,The Herbaliser,uk
n70,Danger Mouse,east
n71,Jemini The Gifted One,east
n72,J-Zone,east
n75,Greg Osby,mid-west
n76,C.L. Smooth,east
n87,Sparky D,east
n88,The Playgirls,east
n99,Rebel MC,uk
n100,Double Trouble,south
n101,Queen Latifah,east
n109,Skye,uk
n110,The Plagiawrists,uk
n111,Various,na
n120,Kicks Like A Mule,uk
n121,Longsy D,uk
n127,Barrington Levy,uk
n140,Mos Def,east
n141,Diverse,mid-west
n142,Prefuse 73,south
n146,Funky Fresh Few,uk
n147,Dual Control,uk
n150,Mary J. Blige,east
n151,Common,mid-west
n152,Omid,west
n153,Josh Martinez,canada
n154,Massive Attack,uk
n155,Kut Masta Kurt,west
n156,Masters Of Illusion,west
n157,Afu-Ra,east
n160,"Kenny ""Dope"" Gonzalez",east
n161,The Mad Racket,east
n162,Brooke Russell,uk
n163,Gentleman,germany
n164,Dynamix II,south
n165,Too Tough Tee,south
n168,Aesop Rock,east
n169,L-Fudge,east
n170,Mathematik,east
n171,Nigo,japan
n172,Scratch Perverts,uk
n173,Maxi Jazz,uk
n174,Soul Food Cafe,uk
n175,Tricky,uk
n176,Gravediggaz,east
n177,DJ Shadow And The Groove Robbers,west
n178,Chief Xcel,west
n179,Cut Chemist,east
n188,Roger Sanchez,east
n189,Kurtis Mantronik,east
n190,EPMD,east
n191,Screechy Dan,east
n192,Boomoperators,netherlands
n193,Funckarma,netherlands
n194,White Boy Mike,international
n195,DJ The Boy,international
n200,Axxis,germany
n201,Thomilla,germany
n202,Afrob,germany
n203,Cyclops 4000,east
n204,Sir Menelik,east
n205,Breezy Beat MC,mid-west
n206,Grandmaster Flash & The Furious Five,east
n207,Duke Bootee,east
n220,DJ Laz,south
n221,Danny D (2),east
n222,Prince Rahiem,east
n223,Beat Master Clay D.,south
n226,Spoonie Gee,east
n227,Treacherous Three,east
n234,Junior Cartier,east
n235,West Street Mob,east
n241,Disco D,mid-west
n242,Princess Superstar,east
n249,Dynamic Syncopation,na
n250,Apathy,east
n253,King Britt,east
n254,The Philadelphia Experiment,east
n257,Priority One (3),west
n258,Techmaster P.E.B.,south
n259,Rap Conscious,na
n260,Sugarhill Gang,east
n263,Q-Tip,east
n264,Tash,mid-west
n266,Youssou N'Dour,senegal
n267,Neneh Cherry,sweeden
n271,The Get Funky Crew,uk
n272,The Sequence,south
n273,Cowboy,east
n274,Scorpio (3),east
n275,The 2 Live Crew,south
n276,Trouble Funk,east
n281,T La Rock,east
n282,Jazzy Jay,south
n283,C-Jam,west
n284,Kid Frost,west
n285,Jay Dee,mid-west
n286,J Dilla,mid-west
n287,Ultramagnetic MC's,east
n288,Kool Keith,east
n293,Tenor Fly,uk
n305,Afrika Islam,east
n306,Ice-T,east
n309,Matthias Arfmann,germany
n310,Turtle Bay Country Club,germany
n311,Joni Rewind,germany
n312,Estelle,germany
n313,DJ Die,uk
n314,Skitz,uk
n315,Dynamite MC,uk
n316,Rodney P,uk
n317,Tali,dominican republic
n318,Mixologists,uk
n321,Lyrics Born,west
n322,The Poets Of Rhythm,germany
n329,DJ Profit,spain
n332,Frank-N-Dank,mid-west
n333,Alec Empire,germany
n334,EL-P,east
n341,Jamaica Mean Time,jamaica
n342,Talib Kweli,east
n343,Black Star,east
n344,Sweetback,uk
n345,Bahamadia,east
n354,Rampage (2),east
n355,Billy Lawrence,mid-west
n356,Madlib,west
n357,Stereo MC's,uk
n360,Afro-Rican,south
n361,S. Justice,south
n362,Derrick Rahming,south
n363,Grandmaster Flash & Melle Mel,east
n364,Dobie,uk
n365,DON-E,uk
n366,Ola The Soul Controller,uk
n373,Luke,south
n382,Hausmarke,germany
n383,Max Herre,germany
n384,Asia Born,west
n385,ABS (2),canada
n386,Creutzfeld & Jakob,germany
n387,OnAnOn,germany
n388,Dike,germany
n389,Raptile,germany
n390,Roger Rekless,germany
n395,Malcolm McLaren,uk
n396,World's Famous Supreme Team,east
n397,Rakim,east
n400,The Genius,east
n401,GZA,east
n412,Marley Marl,east
n413,MC Shan,east
n422,Soul II Soul,uk
n423,Caron Wheeler,uk
n424,The Rapsody,south
n425,Warren G,west
n426,Sissel,norway
n433,Fat Jon,mid-west
n434,Maurice Galactica,mid-west
n437,Toshinobu Kubota,japan
n438,N*E*R*D,south
n439,Lee Harvey,south
n440,Vita (3),east
n441,Missy Elliott,south
n442,Ludacris,south
n445,Fatman Scoop,east
n446,Crooklyn Clan,east
n447,Crazy L'eggs,south
n448,Aim To Please,south
n453,Truth Hurts,mid-west
n458,Blow That Bass And Pump That Whistle,south
n459,Sabrina Setlur,germany
n460,Xavier Naidoo,germany
n467,Biz Markie,east
n468,Lone Catalysts,mid-west
n469,Moby,east
n470,The High & Mighty,east
n471,Mike Zoot,east
n472,Disco Rick,south
n473,The Wolf Pack (3),south
n474,LL Cool J,east
n475,Salt 'N' Pepa,east
n476,Antoinette,east
n477,Curtis Mayfield,mid-west
n478,A Tribe Called Quest,east
n479,Sir Piers,west
n480,Monique Bingham,east
n494,Ferris MC,germany
n495,Kidd Money,south
n496,Teddy Riley,east
n497,Guy,east
n498,Kool G Rap,east
n499,P!NK,east
n500,William Orbit,uk
n504,Lateef The Truth Speaker,west
n505,Maroons,west
n508,Seville,south
n509,King Shameek,east
n510,Red Alert,east
n515,Latin Alliance,west
n518,Roxanne Shanté,east
n519,Hi-Tek,mid-west
n520,Reflection Eternal,east
n521,Big Noyd,east
n522,Company Flow,east
n523,Diamond D,east
n524,Eminem,mid-west
n525,Pharoahe Monch,east
n526,Shabaam Sahdeeq,east
n533,Davy D,east
n534,Hurricane (2),south
n535,Fugees,east
n536,Busta Rhymes,east
n537,John Forte,east
n538,Melanie B,uk
n539,The Roots,east
n540,Erykah Badu,south
n541,Ennio Morricone,italy
n542,International Pony,germany
n543,Crazy Baldheads (2),germany
n544,DJ Muggs,east
n545,"Damon ""Grease"" Blackman",east
n546,Viktor Vaughn,east
n547,MF Doom,east
n550,Sting,uk
n551,The Police,uk
n552,Bootsy Collins,mid-west
n553,MC Lyte,east
n560,Prince Paul,east
n561,De La Soul,east
n571,Nate Dogg,west
n579,Glamour Girls,na
n580,Craig G,east
n586,Divine Styler,east
n587,The Scheme Team,east
n590,Rubix (2),uk
n591,The Mistress,uk
n592,DJ Madame E,uk
n599,Terminator X,east
n600,The Godfathers Of Threatt,east
n601,Whodini,east
n602,Eric Benét,mid-west
n603,Faith Evans,south
n613,Babu,east
n614,The Beatnuts,east
n615,Jurassic 5,west
n616,Felix Sama,south
n617,Nick Baby Love,south
n623,TJ Swan,east
n624,East Flatbush Project,east
n625,Ruste Juxx,east
n626,Murs,west
n627,Slug,mid-west
n628,Felt (2),mid-west
n629,DJ Cam,france
n630,MF Grimm,east
n635,I:Cube,france
n636,RZA,east
n639,Pete Rock,east
n640,Inspectah Deck,east
n641,Kurupt,east
n642,Guru,east
n643,N'Dea Davenport,south
n648,Shing02,japan
n649,Yeshua daPoED,japan
n650,Rose Windross,uk
n651,Pebbles,west
n652,K & M,uk
n654,The Black Flames,uk
n655,Public Enemy,east
n656,Jan Delay,germany
n657,Jan Phillip Eißfeldt,germany
n658,Dennis Dubplate,germany
n659,Absolute Beginner,germany
n660,Eve (2),east
n661,Gwen Stefani,west
n666,Jehst,uk
n667,Harry Love,west
n668,Motion Man,west
n671,Notorious B.I.G.,east
n672,Puff Daddy,east
n673,Mase,south
n674,Refugee Camp All Stars,east
n675,Lauryn Hill,east
n679,Swollen Members,canada
n682,J.R. Swinga,mid-west
n683,Lord Finesse,east
n684,Cocoa Brovaz,east
n692,Joe Budden,east
n693,The Creators,east
n694,Planet Asia,west
n697,Method Man,east
n698,Musiq,east
n699,Alicia Keys,east
n700,Nas,east
n701,The 45 King,east
n704,Tear Da Club Up Thugs,south
n705,Three 6 Mafia,south
n720,Camu Tao,mid-west
n721,Despot,east
n722,The Perceptionists,east
n723,4th Pyramid,canada
n724,Real Live,east
n727,2Pac,west
n728,The Outlawz,west
n729,One (46),korea
n730,B-1,south
n739,Jam Rock Massive,east
n756,Masta Ace Incorporated,east
n757,MC Negro,east
n758,The Ignorant MC,east
n763,Unsung Heroes,uk
n764,Siah,east
n767,Def Squad,east
n768,Erick Onasis,east
n769,Mariah Carey,east
n770,Flipmode Squad,east
n771,Dr. Dre,west
n772,Mack 10,west
n773,Raekwon,east
n774,Ghostface Killah,east
n775,Tony Starks,east
n776,The Last Poets,east
n777,Dead Prez,east
n783,Lil' Kim,east
n784,Scarface (3),south
n785,Johnny P.,mid-west
n786,Casual,west
n787,Extra Prolific,west
n788,Masta Ace,east
n789,Action (2),east
n794,DJ Scott La Rock,east
n795,The Celebrity Three,east
n803,Grandmaster Melle Mel,east
n804,Gang Starr,east
n805,Wolfpak,east
n809,Ty,uk
n810,Labba,east
n811,The Infamous MC,west
n812,112,south
n813,Prince Markie Dee,east
n814,Soul Convention,east
n815,Changing Faces,east
n816,Jay-Z,east
n820,Bad Meets Evil,mid-west
n821,Slim Shady,mid-west
n822,"Royce Da 5'9""",mid-west
n823,Black Moon,east
n824,Smif-N-Wessun,east
n825,MC Eiht,west
n826,CMW,west
n827,Big Kap,east
n828,Da Ladies,east
n832,R. Kelly,mid-west
n833,Ja Rule,east
n834,Ashanti,east
n835,Mystikal,south
n836,Nivea,south
n837,Lighter Shade Of Brown,west
n838,Teardrop,west
n839,Shiro,west
n840,Beenie Man,jamaica
n841,Mya,east
n843,Babyface,mid-west
n844,Foxy Brown,east
n845,Organized Noize,south
n846,Andrea Martin,canada
n847,P. Diddy,east
n848,Pharrell Williams,south
n849,Brandy (2),south
n850,Rahsheed,east
n851,Ill-Advised,east
n852,The Brand New Heavies,uk
n853,Fat Lip,west
n854,Falk (2),germany
n855,Das Bo,germany
n856,DJ Tomekk,poland
n859,Jimmy Page,uk
n860,Stieber Twins,germany
n861,Samy Deluxe,germany
n862,RAG,germany
n863,Skills En Masse,germany
n864,Phil Collins,germany
n867,Funky DL,uk
n868,DJ Stixx,west
n872,City Nord,east
n873,Tony Greer,na
n877,DJ Magic Mike,south
n878,Murphy Lee,mid-west
n879,Jazze Pha,south
n880,Sleepy Brown,south
n881,Deda,germany
n882,Joe Sinistr,east
n883,D12,mid-west
n884,MC Shy D,east
n885,DJ Smurf (2),south
n886,Medaphoar,west
n887,LSG,east
n888,Loon,east
n891,Buckshot,east
n892,5 Ft. Accelerator,east
n893,Evil Dee,east
n896,Run-DMC,east
n897,Above The Law,west
n900,Shortkut,west
n901,Buc Fifty,east
n902,Mr. Brady,west
n903,Jel,mid-west
n904,2Mex,west
n905,Rakaa-Iriscience,west
n906,Puff Daddy & The Family,east
n907,The Pharcyde,west
n908,Space Boy Boogie X,west
n909,ACO,japan
n910,Twigy,japan
n911,Evil Nine,uk
n912,Toastie Taylor,uk
n913,The Fabulous Five,east
n914,Heltah Skeltah,east
n915,O.G.C.,east
n918,Smut Peddlers,west
n919,Kool Savas,germany
n920,The Merciless R.N.S.,west
n921,Jasmin Lopez,west
n922,Consequence (2),east
n926,Jully Black,canada
n927,Khia,east
n928,Dirty South Divas,south
n929,J-Love,east
n930,Large Professor,east
n931,The Taxi Gang,jamaica
n937,Evil Ed (2),uk
n938,Yungun,uk
n939,Chapter III,south
n940,Grand Groove Bunch,east
n941,Kelis,east
n942,T.O.K.,jamaica
n943,Kyna Antee,west
n948,Joe Piscopo
n949,Eddie Murphy,east
n950,Terracotta Troopsjapan
n957,Kehäkettu,finland
n958,Setä Koponen,japan
n961,Big Daddy Kane,east
n962,Barry White,west
n970,Just Four,east
n975,L.O.D. (4),east
n976,Jamal (2),east
n977,Calif,west
n978,Redman,east
n979,Cappadonna,east
n985,Tim Dog,east
n986,MC Solaar,france
n993,Sisqo,east
n994,Cam'ron,east
n997,Saukrates,canada
n998,Choclair,canada
n999,T-Ski Valley,east
n1004,Memphis Bleek,east
n1005,Amil,east
n1006,Total,east
n1007,Lonzo,west
n1008,World Class Wreckin' Cru,west
n1009,Hurby's Machine,east
n1012,The Temple Of Hiphop,east
n1013,Wu-Tang Killa Bees,east
n1018,Zeb.Roc.Ski,germany
n1019,Funkmaster Flex,east
n1020,DJ Kool,east
n1021,Dabrye,mid-west
n1022,Phat Kat,mid-west
n1023,The Honey Drippers,uk
n1024,Little Daddy Shane,east
n1025,Beanie Sigel,east
n1030,Ms. Jade,east
n1031,Tweet,east
n1034,Grandmaster Caz,east
n1035,Chris Stein,east
n1038,Onyx,east
n1039,Wu-Tang Clan,east
n1040,Wyclef Jean,east
n1041,The Prunes,denmark
n1042,Shabazz The Disciple,east
n1043,Maylay Sparks,east
n1046,Dr. Yann,japan
n1048,Snoop Dogg,west
n1049,Clipse,east
n1052,Sweet Tee,east
n1053,Jazzy Joyce,east
n1054,Lady Saw,jamaica
n1055,Marsha (3),jamaica
n1059,DJ K Rock,east
n1060,Awol One,west
n1061,Daddy Kev,west
n1062,DJ Mike Smooth,east
n1063,DJ Nu-Mark,west
n1064,Problemz,japan
n1065,Main Concept,germany
n1070,Irv Gotti,east
n1071,The Inc,east
n1078,Pase Rock,mid-west
n1079,L Universe,japan
n1080,702,west
n1081,Magoo (3),east
n1085,Bumpy Knuckles,east
n1086,Freddie Foxxx,east
n1089,J. Rawls,mid-west
n1090,Vicious Bass,south
n1091,Jermaine Dupri,south
n1094,Bobby Digital,east
n1097,The Psychotic Neurotics,east
n1098,Alchemist,west
n1099,1st Infantry,west
n1100,Sunz Of Man,east
n1101,Hell Razah,east
n1102,4th Disciple,mid-west
n1103,Thee Undatakerz,east
n1110,Beck,west
n1113,YZ,east
n1114,G.Rock,west
n1115,Ice Cube,west
n1116,Ms. Toi,mid-west
n1122,Myalansky,east
n1123,Joe Mafia,east
n1124,Wu Syndicate,east
n1125,Public Announcement,mid-west
n1126,DJ Dynamite,south
n1127,Tony Rotton,uk
n1128,Blak Twang,uk
n1129,Meli,south
n1132,Florian Keller,germany
n1136,Shabba Ranks,jamaica
n1140,Glen Adams,jamaica
n1141,Finesse (3),east
n1144,Draztik Mezurz,germany
n1145,Eazy-E,west
n1146,Gangsta Dresta,west
n1147,B.G. Knocc Out,west
n1150,50 Cent,east
n1151,Lloyd Banks,east
n1152,Perverted Monks,east
n1153,DJ Mentat,uk
n1154,Skinnyman,uk
n1160,Hot Boys,south
n1161,Big Tymers,south
n1162,D&D All-Stars
n1163,Big C (3)
n1166,Apache Indian
n1173,Gina Thompson
n1179,Coolio
n1180,LV
n1181,9th Wonder
n1182,The Bucketheads
n1188,Bald Head Slick
n1189,Strick
n1190,Aphrodelics
n1191,F.T.
n1194,M. Walk Productions
n1195,Union (3)
n1198,Faf Larage
n1199,Shurik'n
n1206,Lone Ranger (3)
n1207,DJ Friction (2)
n1208,Jahcoustix
n1209,F.A.B. (2)
n1210,Spax
n1213,DJ Green Lantern
n1214,Big Mike (6)
n1215,Jadakiss
n1225,Case
n1226,The Royal Posse
n1227,T. Isaam
n1234,Pras Michel
n1235,Ol' Dirty Bastard
n1238,Quincy Jones
n1239,Siedah Garrett
n1240,Starang Wonduh
n1241,Sean Price
n1242,Top Dog
n1243,Defari
n1247,Mobb Deep
n1256,Cedric Ceballos
n1263,Bobby Brown
n1264,Whitney Houston
n1267,DJ Zeph
n1268,Variable Unit
n1269,Roy Ayers
n1270,Lucy Pearl
n1271,Styles P
n1272,Ray Charles
n1273,Chaka Khan
n1274,Abdominal
n1275,DJ Fase
n1276,Curse (3)
n1277,Prodigal Sunn
n1278,Hip Hop Alliance
n1279,Down Low
n1280,Flip Da Scrip
n1283,Slick Rick
n1286,The Bad Boy Family
n1287,J-Kwon
n1288,Petey Pablo
n1289,Ebony Eyez
n1290,Fabolous
n1291,Mike Shorey
n1296,Ruben Studdard
n1297,Fat Joe
n1302,Tony Sunshine
n1303,Dirtbag
n1306,Lakim Shabazz
n1307,Maurice Joshua
n1308,Da Posse
n1309,Bomfunk MC's
n1310,Max'C
n1316,Sean Paul
n1317,Daddy Yankee
n1318,Super Cat (2)
n1319,Dirtsman
n1320,M. Doc
n1321,Christina Sanchez
n1324,Soulife
n1325,Lizzy La Shé
n1326,Daft Punk
n1327,Slum Village
n1332,Keke Wyatt
n1333,Avant (2)
n1336,N.W.A.
n1337,Zena
n1338,Vybz Kartel
n1339,Charlie Wilson
n1343,Gwen Dickey
n1344,Optik Crew
n1349,Fat Jack
n1362,Damon Dash
n1363,OutKast
n1364,Killer Mike
n1367,Baby (2)
n1368,The #1 Stunna
n1369,Twista
n1370,The Speed Knot Mobsters
n1371,Lil' Scrappy
n1372,Trillville
n1373,Nujabes
n1374,Tsutchie
n1375,Force Of Nature
n1376,Das EFX
n1379,Maxim
n1380,Porsha
n1381,Akhenaton
n1382,Fonky Family
n1383,The Arabian Prince
n1384,Shaggy
n1385,Grand Puba
n1386,Kurtis Blow
n1387,Ralph MacDonald
n1390,The Soul Assassins
n1391,B-Real
n1392,The Books
n1402,Boyz II Men
n1403,Alan Braxe
n1415,Natruel
n1416,Wicked Will
n1417,Mr. Eon
n1418,Master P
n1419,WEST COAST BAD BOYZ
n1420,Mr. Complex
n1421,D-Styles
n1423,Sway & King Tech
n1424,DJ Revolution
n1425,Ray J
n1426,Shorty Mack
n1434,Usher
n1435,DJ Format
n1436,D-sisive
n1437,Big Boi
n1438,Steady B
n1448,Lexxus
n1449,Delly Ranks
n1450,Rik Rok
n1451,DJ Desue
n1452,Nature (4)
n1453,Kool Moe Dee
n1454,Chuck D
n1455,Chaka Demus & Pliers
n1456,Jack Radics
n1457,DJ $hin
n1458,K-Delight
n1461,Eric Haze
n1462,DJ Premier
n1465,Suprême NTM
n1466,Sylk 130
n1469,Louie Louie
n1470,O.C.
n1471,Yvette Michele
n1472,Mr. Mixx
n1473,Da Roughneck Posse
n1474,Mia X
n1478,Ant Banks
n1479,J-Dubb
n1480,WC
n1483,Olu Dara
n1484,Levert
n1485,Heavy D
n1486,Vansilk
n1497,The Groove Robbers (2)
n1498,Flakey C
n1499,Def Cut
n1502,Grand Agent
n1503,Marvin Gaye
n1504,Deee-Lite
n1507,D-Flame
n1508,Tone (4)
n1511,II Tone Committee
n1512,The Casual 7
n1513,Rasheeda (2)
n1514,Blackstreet
n1515,God's Property
n1516,Kirk Franklin's Nu Nation
n1523,Hypnotize Camp Posse
n1526,Eightball (3)
n1527,Canibus
n1537,12 Gauge
n1538,Freak Nasty
n1539,1-305
n1546,M.C. Boo
n1547,Parappa The Rappa
n1548,Timbaland
n1563,Tha Eastsidaz
n1572,Shyheim
n1573,The Rugged Child
n1574,L.A.'s Own Billy The Kidd
n1577,The Flip Squad
n1578,Bobby J
n1581,The Dogs
n1582,Queen
n1583,Free (2)
n1584,South Central Cartel
n1585,Murder Squad
n1586,The Mitchell Brothers
n1587,Sway
n1588,Poison Clan
n1589,Home Team
n1590,Jiggie Gee
n1591,KC (4)
n1594,T.I.
n1595,P$C
n1596,Xzibit
n1597,Ras Kass
n1598,Da Brat
n1599,Cherish
n1600,DJ JS-1
n1601,DJ Ody-Roc
n1606,Montell Jordan
n1611,Maxi Priest
n1612,Too Short
n1615,Ying Yang Twins
n1616,Mike Jones (2)
n1617,Mr. Collipark
n1618,Bell Biv Devoe
n1619,Ralph Tresvant
n1620,Johnny Gill
n1621,Alex And The City Crew
n1622,Rick James
n1623,Dub-L
n1629,Pappa Bear
n1630,Jan Van Der Toorn
n1631,Baby J
n1632,Blade (3)
n1633,Strapt
n1634,Bushido (2)
n1635,Clinton Sparks
n1636,Mpho Skeef
n1637,T-Boz
n1640,PMD
n1644,*NSYNC
n1645,Britney Spears
n1647,Mario Winans
n1648,Enya
n1650,Black Keith
n1651,Verb
n1652,Brother Marquis
n1653,Christina Aguilera
n1654,Mr. Thing
n1655,Journalist
n1656,M.O.P.
n1659,Jazzkantine
n1660,Aleksey
n1663,Chace Infinite
n1664,Nottz
n1665,DMP (3)
n1666,Go Like This
n1667,Erick Sermon
n1668,Sy Scott
n1669,Angie Stone
n1676,Elephant Man
n1677,504 Boyz
n1678,Toni L.
n1679,The Marxmen
n1682,Topology Crew
n1689,D'Angelo
n1690,Rollie Fingers
n1691,Disturbing Tha Peace
n1694,DJ Smallz
n1695,Mr. Pookie
n1696,Mr. Lucci
n1697,Mocha
n1698,Marla Mar
n1699,The Good 'N' Plenty Cru
n1702,Gennessee
n1703,Ed O.G
n1704,Trife
n1707,MC Madness
n1708,Ruff Eyque
n1709,Underground Network
n1710,Rmxcrw
n1711,Ambush (2)
n1712,I.V.A.
n1713,Percee P
n1714,Ekim
n1715,No I.D.
n1716,Ciara (2)
n1717,Romeo
n1718,Christina Milian
n1719,Mr. No No
n1720,Saafir
n1721,Eye Cue
n1722,Oxana
n1725,Jaguar Wright
n1728,Keak Da Sneak
n1729,Turf Talk
n1730,Pushim
n1731,Chino XL
n1732,Joe
n1737,Yazoo
n1738,Mascaria
n1739,The Chemikillz
n1740,Knowself
n1741,DJ Moves
n1743,Big L
n1744,Renegade Foxxx
n1745,Pitbull
n1746,Bone Crusher (2)
n1749,Rosco P. Coldchain
n1750,Edan
n1751,Rayvon
n1752,Rhonda Davis (2)
n1757,Olivia
n1760,The Sqwad
n1761,Neek The Exotic
n1764,DJ Honda
n1765,The Murderers
n1766,Sparkle (2)
n1767,Destiny's Child
n1774,K-Rino
n1775,South Park Coalition
n1779,Ayman (2)
n1780,Keith Sweat
n1783,RL (2)
n1784,The X-Ecutioners
n1785,DJ Boogie Blind
n1788,Broadway
n1791,Beat Konducta
n1792,The Mind Clouders
n1795,The Pussycat Dolls
n1796,Will I Am
n1797,Terry Hall
n1798,H-Town
n1799,U-Mynd
n1800,Elder Chris Brinson & The Gospel Music Ministry Choir
n1801,Jon B
n1804,Symbolyc One
n1805,Illmind
n1808,Pimp C
n1809,Playa-Playa
n1810,Marques Houston
n1811,Young Rome
n1814,The Wascals
n1815,The Get Fresh Girls
n1816,Calvin Mills II
n1817,Jay Supreme
n1818,Cheryl Lynn
n1819,DJ Parker Lee
n1822,Shakira
n1828,Tamar
n1831,J. Black
n1832,Marc Mac
n1833,Visioneers
n1834,Bone Thugs-N-Harmony
n1837,Lord Tariq & Peter Gunz
n1838,DJ Abdel
n1839,DJ Djel
n1840,Artifacts
n1841,Lord Digga
n1842,DMX
n1843,Liferexall
n1844,$martyr
n1845,Sinéad O'Connor
n1846,Paul Wall
n1847,Chamillionaire
n1851,Bubba Sparxxx
n1852,Madd Rapper
n1853,Verb. T
n1854,Kashmere
n1855,D-Nice
n1862,Linkin Park
n1877,Adina Howard
n1878,Dilated Peoples
n1879,Barbershop MC's
n1882,Massive Töne
n1886,Madonna
n1891,The Product (2)
n1894,Poor Righteous Teachers
n1897,The Voodoo Guru
n1900,Jan van der Toorn
n1909,Akinyele
n1910,Sadat X
n1913,AG
n1914,The Ghetto Dwellas
n1915,Gregory D
n1916,Mannie Fresh
n1919,House Of Pain
n1920,Everlast
n1921,Outsidaz
n1922,Rah Digga
n1923,Melanie Blatt
n1930,Drag-On
n1931,Parle
n1932,Mike Nardone
n1935,Ali G
n1946,Brotha Lynch Hung
n1947,C-Bo
n1954,Solitair
n1960,Rhymefest
n1961,Kanye West
n1964,Bas-1
n1965,DJ DW
n1966,Fanatik
n1967,Rhettmatic
n1970,Plattenpapzt
n1971,MC Spontan
n1972,Tefla & Jaleel
n1973,Beyoncé
n1976,Heather B.
n1977,Ajax (6)
n1978,Hot Rod
n1982,Key-Kool
n1984,Lil' Mo
n1985,Lil Wayne
n1986,Nolto
n1987,Factor (2)
n1992,Sal Parm
n1993,DJ Skribble
n1994,Born Allah
n1995,Melo-D
n2001,Eclipse 427
n2004,KMSM
n2009,The Un (2)
n2010,Savage (2)
n2011,Aaradhna
n2015,Eko Fresh
n2016,Nikki D
n2017,Paula Perry
n2018,Precious Paris
n2019,Dean Dawson
n2023,Spark 950
n2024,Timbo King
n2029,Sido
n2030,G-Hot
n2031,Conspicuous
n2036,AZ
n2037,The Pacifics
n2038,Rappers Against Racism
n2039,La Mazz
n2040,Scream Factory
n2044,Nelly Furtado
n2059,Bounty Killer
n2060,Mass Influence
n2063,3rd Wish
n2064,Baby Bash
n2065,Pack FM
n2070,George Nooks
n2071,Lupa (3)
n2072,DJ Life
n2073,Licensed To Kill
n2074,Janet Jackson
n2075,Joni Mitchell
n2076,Tyme
n2079,No Good But So Good
n2082,Raphael Saadiq
n2092,C-Rayz Walz
n2093,Plain Pat
n2095,Madd Hatta
n2096,Mista Madd
n2097,Lupe Fiasco
n2098,Jill Scott
n2101,Blue Sky Black Death
n2102,Holocaust (3)
n2106,Maceo Parker
n2107,Fred Wesley
n2108,5th Ward Boyz
n2109,MC Boob
n2110,Zion I
n2111,The Grouch
n2116,Thes One
n2117,Double K (2)
n2118,Sérgio Mendes
n2119,Black Eyed Peas
n2120,Declaime
n2121,Mad Men
n2122,G-Unit
n2123,The Liquid Crystal Project
n2124,Eightball & M.J.G.
n2127,Styrofoam
n2131,Gilles Peterson
n2132,Patrick Forge
n2135,Havoc & Prodeje
n2139,J-Live
n2140,Wordsworth
n2141,Soulive
n2146,Koolade
n2147,Skillz
n2148,Little Brother (3)
n2162,Keith Murray
n2168,The Living Vibe
n2171,Dug Infinite
n2174,Def Bond
n2175,K-Reen
n2176,DJ Z-Trip
n2177,DJ P (2)
n2194,Ebon-E
n2195,Deckwrecka
n2196,MCD
n2197,Serocee
n2198,Seanie T.
n2199,Pesci
n2207,Adam Levine
n2208,Legend (4)
n2209,Kama Kazi
n2210,Resin Dogs
n2211,Abstract Rude
n2221,Prodigy
n2222,Kam (2)
n2228,Pal One
n2229,Roey Marquis II
n2230,Stepchild
n2235,Radar (2)
n2238,Poppa Ron Love
n2239,Russell Rush
n2247,DJ Chestnut
n2248,Sékou
n2251,Freeman (3)
n2252,K-Rhyme Le Roi
n2253,Sandra Nasic
n2254,Trigger Tha Gambler
n2255,M.C. Joe
n2256,Cut Master M.C.
n2257,Shades (2)
n2258,Dru Down
n2259,Luniz
n2260,Justin Timberlake
n2261,Main Source
n2262,The Island Inspirational All-Stars
n2263,Sarah Connor
n2264,Cee-Lo
n2268,Eißfeldt
n2273,Frankie Cutlass
n2276,Black Thought
n2277,Dice Raw
n2278,Flo Brown
n2279,Jazzyfatnastees
n2282,Akon
n2293,Theo Schwarz
n2294,Busy
n2295,Tropf
n2296,Trae
n2297,Dougie D (2)
n2298,Guerilla Maab
n2302,Jennifer Lopez
n2303,Bob Marley
n2304,T.W.D.Y.
n2305,Daddy Lord C
n2306,La Cliqua
n2307,Party Arty
n2308,Stockbridge
n2309,Ahmad (2)
n2314,Sargent Tucker
n2315,Panji
n2316,General J.
n2317,The Old Maid Billionaires
n2325,KC Da Rookee
n2332,Yo-Yo
n2345,R.A. The Rugged Man
n2348,Fabe
n2349,Ideosoul
n2350,Sléo
n2355,Disiz La Peste
n2356,Busta Flex
n2362,F/M
n2363,Helen Bruner
n2371,Armand Van Helden
n2372,BL
n2375,Black Rob
n2376,Mark Curry
n2377,DJ Polo
n2378,Ron Jeremy (2)
n2379,Oxmo Puccino
n2380,The Jazz Bastards
n2390,DJ Q-Bert
n2399,DJ Khéops
n2400,Spectre (15)
n2403,2tall
n2404,Dudley Perkins
n2405,Georgia Anne Muldrow
n2408,Jonell
n2409,Method Man & Redman
n2410,Cypress Hill
n2411,War
n2416,Daz Dillinger
n2417,Soopafly
n2420,Texta
n2421,Blumentopf
n2422,Lil' Flip
n2423,Z-Ro
n2424,Spice 1
n2427,La La
n2432,Hocus Pocus (4)
n2433,Kohndo
n2446,Somethin' For The People
n2447,Trina & Tamara
n2448,X.Men
n2449,Diable Rouge
n2454,Silkk The Shocker
n2455,O'Dell
n2456,Mo B. Dick
n2457,P.M.H.I.
n2458,Violator (3)
n2461,Paradise (13)
n2464,East Coast Family
n2468,Arj Snoek
n2473,FK Allstars
n2474,Nelly
n2475,A-Trak
n2476,"Daniel ""Danny P"" Pierre"
n2477,Lil' Keke
n2480,Glenn Medeiros
n2486,Peter Andre
n2489,Lil' Jon
n2490,J.T. Taylor
n2491,Stephanie Mills
n2492,JT The Bigga Figga
n2493,The Game (2)
n2494,Lee Majors (3)
n2498,Prime (3)
n2499,The Leisure Allstars
n2500,The Good People
n2501,Clutchy Hopkins
n2507,Jahmali
n2508,Dream Warriors
n2509,Moka Only
n2510,Flow Torch
n2511,Azeem (2)
n2512,Tony Da Skitzo
n2513,Ideal (6)
n2514,3X Krazy
n2515,Celph Titled
n2518,The Medicine Men
n2519,6 Shot
n2520,Tiffany Evans
n2521,Rascalz
n2522,Kardinal Offishall
n2523,Thrust (5)
n2524,CheckMate (3)
n2525,Mark Ronson
n2526,Lily Allen
n2527,The Last Skeptik
n2528,Lake
n2529,G-Dep
n2533,J.U.I.C.E.
n2534,Jizzm
n2537,Sekz
n2538,Carly Simon
n2540,Lenny Kravitz
n2541,Teriyaki Boyz
n2546,Lynden David Hall
n2547,Jaz-O
n2548,Immobilarie
n2549,Tame One
n2550,Ammbush
n2551,Kaze (2)
n2552,Laurissa
n2553,Powercut (2)
n2554,Nubian Prinz
n2559,Parallel Thought
n2560,Lisi (2)
n2562,Black Dusty Rhodes
n2563,Ras G
n2567,Ill Al Skratch
n2568,E Bros
n2569,DJ Whoo Kid
n2572,Mellowbag
n2573,Freundeskreis
n2576,Trick Daddy
n2577,Trina
n2578,Tre+6
n2579,Nappy Roots
n2582,Dave Matthews Band
n2586,Spliff Star
n2587,Lain
n2590,Lightnin' Rod
n2591,Jimi Hendrix
n2595,Terror Squad
n2596,DJ Khaled
n2597,Blahzay Blahzay
n2598,Udo Lindenberg
n2604,Rihanna
n2607,Peanut Butter Wolf
n2614,The Course
n2615,Mondane
n2616,Cardan
n2625,Dante Thomas
n2629,Kali Ranks
n2630,Paid & Live
n2633,Trooper Da Don
n2636,Richie Stephens
n2637,Mighty Tolga
n2638,Absztrakkt
n2639,C.L. Audio (2)
n2641,Capone -N- Noreaga
n2642,Wayne Wonder
n2643,Mr. Vegas
n2645,Kirk Franklin
n2646,One Nation Crew
n2647,Cora E
n2648,Taino Tactix
n2649,School Of Seven Bells
n2653,DJ Stylewarz
n2654,The Harlem Hoodz
n2655,Killa Sin
n2666,Blu Cantrell
n2667,Ian Lewis
n2670,Paul Cless
n2671,Brixx
n2676,United Booya Family
n2677,Nana (2)
n2678,Toni Cottura
n2679,Alexandra Prince
n2680,Aleksandra Jovanovic
n2681,Tiziano Ferro
n2682,Jamelia
n2683,Kool DJ E.Q.
n2686,Soul Aliens
n2687,Yassi
n2690,Swizz Beatz
n2708,B.G.
n2709,Homebwoi
n2716,Subway (12)
n2717,Triple XXX (3)
n2718,The 2awk
n2721,Copywrite
n2722,Cage
n2723,Jim Carrey
n2724,Scare-Electric
n2727,Sam Sneed
n2728,Danny Boy
n2739,Mary Mary
n2743,Trick Trick
n2744,B.T.S.
n2745,Jamahl Harris
n2746,Skateboard P
n2747,Elton John
n2754,Stig Of The Dump
n2762,Connie Price & The Keystones
n2767,Guile
n2770,Dave Ghetto
n2771,Basic Vocab
n2772,Freestyle (4)
n2773,Paris (2)
n2776,DJ LBR
n2777,Big Ali
n2782,A.K.-S.W.I.F.T.
n2783,Mazaya
n2784,40 Thevz
n2785,Tha Dogg Pound
n2788,Kumi Koda
n2789,KM-MARKIT
n2792,Kut Klose
n2793,DJ Vlad
n2794,Roc Raida
n2795,Fort Minor
n2796,Birdman (2)
n2797,Madd Head
n2798,Kid Capri
n2799,S-Dub (3)
n2803,Charli Baltimore
n2806,Spiritual Warriors
n2809,Ground Zero (11)
n2810,Shaquille O'Neal
n2811,Peter Gunz
n2812,Corey
n2813,Negrow League
n2814,Allure (3)
n2817,The West Coast Rydaz
n2820,Jason Downs
n2821,Milk Dee
n2822,Sista (2)
n2823,Craig Mack
n2826,Toni Braxton
n2829,Ian Brown
n2830,Chantay Savage
n2835,Audessey The Sound Sci
n2846,Niia
n2849,Finale
n2850,Spier1200
n2855,Limp Bizkit
n2858,Insane Macbeth
n2859,The Icepick
n2862,Bubbler Ranx
n2863,Tha Mexakinz
n2864,Kelly Rowland
n2865,Keri Hilson
n2866,Da Ruckus
n2867,Paradime
n2870,Defisis
n2876,Torch
n2877,MC Rene
n2882,Brick & Lace
n2883,OneRepublic
n2884,Eric Singleton
n2887,Mistri
n2888,Pee Wee Ellis
n2889,Haji Akbah
n2891,Zoxea
n2892,IV My People
n2893,Kool Shen
n2894,Serum (3)
n2895,Amy Winehouse
n2897,Eccy
n2900,Naughty By Nature
n2901,Phiness
n2906,Jigmastas
n2907,Jagged Edge (2)
n2910,Ce'cile
n2911,Obie Trice
n2912,Nikolaj Steen
n2915,19th Street (2)
n2916,Crooked I
n2917,Tim McGraw
n2918,Benjamin Zephaniah
n2921,Patra
n2922,Macy Gray
n2937,La Relève
n2943,Jayla Jewel
n2944,Stagga Lee
n2955,Mayhemystics
n2956,Nick Cannon
n2957,B2K
n2963,Ne-Yo
n2967,DJ Marius No. 1
n2968,DJ Mirko Machine
n2973,Diana Ross
n2974,Al B. Sure!
n2982,Mister Schnabel
n2983,Illo 77
n2984,Phantom Black
n2995,Italo Reno & Germany
n2998,Cassius Henry
n2999,Freeway
n3000,E-40
n3001,K-Ci
n3002,Rishi Rich
n3003,Jay Sean
n3004,Juggy D
n3008,Cut Killer
n3009,IAM
n3012,Karl Wolf
n3013,Culture (3)
n3018,Portia
n3019,Menage A Trois (2)
n3020,Lunatic (7)
n3023,Cha Cha
n3027,Young MC
n3043,Dat Nigga Daz
n3046,Naudy
n3047,Horace Brown
n3048,Kane & Abel
n3051,Kulcha Don
n3052,Anna Nordell
n3063,Fler
n3064,Karst (3)
n3065,Abstral Compost
n3066,Die Firma
n3067,DJ Envy
n3068,Red Cafe
n3069,Stammtisch
n3078,Rustie
n3079,215 The Freshest Kids
n3080,Joey Starr
n3081,DJ Spank
n3082,B.O.S.S. (2)
n3087,Da Beatminerz
n3088,DJ J-Period
n3089,Dimples D
n3090,Lady Spice
n3091,DJ Flexxx
n3092,Robert Glasper
n3093,Jhelisa
n3094,Kno
n3095,Hov
n3102,Skyzoo
n3108,DJ Haitian Star
n3111,Lyn Collins
n3116,Devin The Dude
n3117,Juvenile (2)
n3118,Shortee Blitz
n3119,Rell
n3120,Melissa Jay
n3121,Vin Roc
n3122,Yeshua dapoED
n3123,Maseo
n3124,Roméo
n3125,Flo Rida
n3126,T-Pain
n3127,Paperboys
n3128,Madcon
n3129,Nico Suave
n3130,DJ Sparc
n3131,Da Germ
n3132,Matrix (6)
n3137,DJ Emile
n3138,Helmet (2)
n3139,Field Mob
n3140,Shawnna
n3141,B-Legit
n3142,Daryl Hall
n3147,Noreaga
n3148,Rufus Blaq
n3156,Tarone
n3157,DJ Kay Slay
n3158,Greg Street
n3163,Dangerous LLC.
n3164,Midi Mafia
n3165,Deemi
n3169,Pastor Troy
n3170,The Congregation (3)
n3171,Travis Blaque
n3172,Farasha
n3178,Tony Touch
n3184,Van Silk
n3187,Maestro Goods
n3191,Teenage Fanclub
n3193,Eastwood (3)
n3194,Omar
n3199,Smudo
n3200,Panjabi MC
n3201,Mark Morrison
n3202,Tray Dee
n3207,The New Get Funky Crew
n3214,Big Hutch
n3215,Cold 187um
n3216,Dramillis
n3217,Stack Bundles
n3218,Remy Martin
n3227,K-Skills
n3228,Dr. Becket
n3229,Won-G
n3230,Gizelle D'Cole
n3231,Shells
n3232,Mashonda
n3234,Middle Child
n3237,Flowin' Immo
n3240,Bruno Coulais
n3241,Nasir Jones
n3244,Michael Jackson
n3252,Rico Sparx
n3253,Moses Pelham
n3255,Tim Rice
n3256,5 Family Click
n3257,Boogie Down Productions
n3258,DJ Drama
n3259,Young Jeezy
n3260,Bun B
n3261,Mddl Fngz
n3274,Melbeatz
n3286,Mario (23)
n3288,MGM (4)
n3298,Muro
n3299,Ambivalence
n3303,Bobby Valentino (2)
n3307,Julian Casablancas
n3308,Santogold
n3311,Tyrese
n3312,Black Ty
n3314,MIX MASTER G-Flexx
n3315,Mad Lion
n3321,Bilal
n3325,"Ant ""D"""
n3326,The Puppies
n3329,Trade Secrets
n3330,Eric B. & Rakim
n3335,American Cream Team
n3338,Sean Paul (2)
n3339,Imajin
n3340,Dru Hill
n3342,Hawkeye (4)
n3345,Gorillaz
n3346,Immortal Technique
n3347,M1 (2)
n3348,Young Noble
n3351,Hispanic MC's
n3352,Proper Dos
n3353,Hi-C
n3362,Crash Tha Party
n3363,Sylvia Simone
n3364,Shurik'N
n3367,Ric Nice
n3368,Deborah Cox
n3369,Sokół
n3370,Pono
n3371,Fergie (2)
n3372,Rhyme Animal Productions
n3373,Deemo Da Pro
n3374,Mick Boogie
n3375,Keyshia Cole
n3376,Charlie (11)
n3377,Jean Grae
n3378,Master D. (2)
n3379,Giovanni
n3380,Harold Faltermeyer
n3381,Lord Have Mercy
n3382,Sporty Thievz
n3383,Swahili Nation
n3384,Dr. Alban
n3387,West Coast Bad Boyz
n3392,The Letter M.
n3394,Roscoe
n3395,3LW
n3396,Slim Thug
n3401,Rhian Benson
n3402,Dwele
n3407,Moar
n3408,Raashan Ahmad
n3409,Bella (8)
n3410,Jody Breeze
n3416,Another Level
n3422,Purple Haze (14)
n3423,She-Raw
n3441,Knoc-Turn'al
n3442,Cheryl Cole
n3444,Jamie Foxx
n3445,Ali & Gipp
n3446,Shawty Redd
n3447,Plies
n3450,Terri & Monica
n3456,Sir Mix-A-Lot
n3465,Durrty Goodz
n3468,Tow Down
n3469,Lil' Flash
n3470,"Steve ""Silk"" Hurley"
n3471,Sean Garrett
n3490,Piccalo
n3491,Such A Surge
n3492,Spezializtz
n3495,Amerie
n3500,Swoop G
n3502,DJ Reg West
n3508,Half-A-Mill
n3509,Animal (2)
n3510,The Union (3)
n3513,Brand Nubian
n3514,DJ Freeze (2)
n3515,Chris Brown (4)
n3516,Damian Marley
n3525,Purple Ribbon Allstars
n3526,King Tee
n3535,Da Original
n3541,Lord Kossity
n3542,Chico (2)
n3545,Blinky Blink
n3549,Eddie Skratch
n3556,Dialect Music
n3557,Rondō
n3558,Crazy Rak
n3561,DeDe
n3562,DJ Amir
n3569,Madizm
n3570,Sec.Undo
n3578,Cesare
n3579,Force One Network
n3580,Papoose
n3581,Makaveli
n3582,Val Young
n3583,Tru (2)
n3586,Diggers With Gratitude
n3587,Finesse & Synquis
n3588,TomC3
n3589,Prince Po
n3590,Samiyam
n3591,Flying Lotus
n3596,N.Y. City Beats
n3597,The David Fascher Project
n3598,La Sherie Chambers
n3608,Terry Urban
n3612,Ghetto Starz
n3613,Wayne-O
n3614,Rocigarson
n3615,Bossfam
n3618,Vanessa Mason
n3621,Melky And Day
n3622,Outta Order
n3623,Total Kaos
n3624,George Benson
n3625,J-Status
n3626,Hifi
n3627,Lesly
n3630,Uzi Bros.
n3631,Tone Loc
n3637,Block Barley
n3638,Guilty Simpson
n3639,InfaRed (3)
n3642,Robin S.
n3643,Texas
n3644,Danity Kane
n3654,DJ Benzi
n3655,Diplo
n3656,Paper Route Recordz
n3657,Wiley (2)
n3658,Daniel Merriweather
n3659,98 Degrees
n3660,Bono
n3663,Robot Koch
n3664,Cerebral Vortex
n3665,Rainer Knast
n3666,Blow Shit Up
n3667,Paolo 77
n3668,Leon Le Pro
n3670,Luther Vandross
n3675,St. Lunatics
n3676,Lil Mama
n3677,Hussein Fatal
n3683,A+
n3694,Rick Ross
n3695,Avery Storm
n3696,K-Prince
n3697,Natasha (7)
n3714,Young Buck
n3715,Defenders Of The Faith (3)
n3716,Damion Hall
n3717,Chanté Moore
n3725,Matthew Marsden
n3728,Azra
n3729,D'Influence
n3730,D-Vas
n3731,Belle Montenegro
n3732,Scooter
n3733,Kitty Kat (2)
n3734,Tony D (5)
n3738,Bektas
n3744,Big Gipp
n3755,George Michael
n3756,Joy Denalane
n3757,Beres Hammond
n3761,Hilary Mwelwa
n3764,Cuban Link
n3767,Orgasmic
n3768,Tekilatex
n3776,Akrobatik
n3777,Breez Evahflowin'
n3778,Chan (3)
n3783,Lil Bud
n3784,Tizone
n3785,Brooke Valentine
n3792,Braille
n3793,GQ Da Teacher
n3794,Doo Wop
n3795,Rahzel
n3796,Dem Franchize Boyz
n3799,The Relativez
n3800,Showbiz & A.G.
n3801,Sexy C
n3802,Tashan Dorrsett
n3803,Mr. Lee
n3806,The Diplomats
n3811,Ak'sent
n3812,Enrique Iglesias
n3813,Bligg
n3814,Emel
n3815,Bashir
n3822,Tha Rhythum
n3825,Andre 3000
n3827,Afrodisiac Sound System
n3828,Channel Live
n3829,Wise Intelligent
n3830,Tragedy Khadafi
n3831,Zack De La Rocha
n3832,D.B.X. (2)
n3833,Veronica Lee
n3843,Sleepwalker (3)
n3844,Hamburg City Allstars
n3848,Prince
n3849,Támar Davis
n3853,Othello
n3854,The Hipknotics
n3855,DJ S&S
n3856,B.B.O.
n3857,Tru II Dis
n3862,Colby O'Donis
n3863,Emily King
n3864,P-Money
n3865,Vince Harder
n3866,Tha Realest
n3867,Lil' C-Style
n3868,N.I.N.A.
n3869,Apollo 440
n3871,Two Fingers
n3876,Le 3ème Œil
n3880,Nicole Wray
n3881,Jacken
n3882,Cynic
n3884,RaRa (4)
n3885,IMx
n3886,Mila J
n3887,E-A-Ski
n3895,Crucial (3)
n3898,Lil' Jon & The East Side Boyz
n3899,DJ Quik
n3900,33Hz
n3908,K-Hill
n3909,Chapter 13
n3910,Medinah General
n3911,DJ Flare
n3912,Rock On Crew
n3913,Fresh Kid Ice
n3914,D.I.T.C.
n3915,Sicx
n3916,The Soul Convention
n3917,Shontelle
n3918,"Elizabeth ""Yummy"" Bingham"
n3923,Tony Allen
n3924,Damon Albarn
n3934,Azad
n3935,Juelz Santana
n3936,Kevin Rudolf
n3937,Kid Cudi
n3945,Paula DeAnda
n3946,Jerome Prister
n3947,Doudou Masta
n3948,SWV
n3953,Mr. Capone-E
n3957,Glashaus
n3958,Franziska
n3959,Han Solo (3)
n3960,Vivian (11)
n3961,Gaucho (2)
n3962,DJ Ironik (2)
n3963,Chipmunk
n3966,Big Red (3)
n3967,Nutta Butta
n3968,Anonymous (7)
n3969,Disko No. 1
n3977,Angie Martinez
n3983,Sqad Up
n3993,Shyne
n3994,Supreme Dream Team
n3995,Mister Cee
n3996,DJ Cipha Sounds
n4003,Sickamore
n4004,Daddy V
n4010,Latoya London
n4011,Playaz Circle
n4014,Stress Sırtlan
n4015,Tripledouble
n4016,Nicole Scherzinger
n4021,Baybe
n4024,Flore
n4025,Shunda K
n4026,Champain
n4029,Walkin' Large
n4032,Sammie
n4033,YoungBloodz
n4036,Marco Polo (3)
n4037,Torae
n4043,Beastie Boys
n4044,Don Omar
n4045,Pretty Ricky (2)
n4051,JR & PH7
n4052,Caucasian
n4053,Cookbook
n4054,UNO Mas (2)
n4057,Doggy's Angels
n4058,Latoya Williams
n4063,Groove Lounge
n4064,Undaground Asylum
n4065,Cho'zen
n4066,MJG
n4071,Illmat!c
n4076,Pilskills
n4077,Suff Daddy
n4078,Tru
n4079,Halleluyah
n4082,No Pretense
n4084,DJ Excel (5)
n4085,Stik-E & The Hoodz
n4086,T-Storm
n4089,Ali (2)
n4090,Boo & Gotti
n4093,JT the Bigga Figga
n4096,Fat Pat
n4097,The Wreckshop Family
n4100,Lemar
n4101,Tinchy Stryder
n4102,N-Dubz
n4103,真鮮組
n4109,Angélique Kidjo
n4114,Ace Hood
n4131,Sacario
n4132,MB 1000
n4135,DJ Goodka
n4142,Sofian
n4153,Cedric The Entertainer
n4154,Quadmaster Uno
n4163,N.A.S.A. (4)
n4164,Lykke Li
n4171,Strings
n4174,Dio
n4175,The Madd
n4178,Koffee Brown
n4179,B-12
n4182,Tolga
n4183,General Degree
n4188,James Poyser
n4189,The Rebel Yell
n4190,Mic Murphy
n4191,Fam-Lay
n4192,Kore & Bellek
n4193,Magic System
n4194,Khaled
n4202,Rosita Lynch
n4203,Tone Hooker
n4204,DJ Noodles
n4205,Dibiase (2)
n4206,Big P
n4207,Skeme
n4208,Extremists
n4209,Rockstar Games
n4216,Chablife
n4217,Brian McKnight
n4218,Sidney Samson
n4219,Lady Bee
n4220,Bizzey
n4223,Michael Rose
n4230,Drake
n4238,Yukmouth
n4239,The Thug Lordz
n4241,Harvy Dent
n4242,Psycho (8)
n4243,Rip One
n4244,DJ On Point
n4251,Armageddon (3)
n4254,The-Dream
n4262,Les Little
n4263,Manu Dibango
n4264,Jodeci
n4265,Buff1
n4266,Damu The Fudgemunk
n4267,E-La
n4268,Al Rock
n4272,K.I.Z.
n4273,Bela B.
n4275,Claudette Ortiz
n4287,Korn
n4288,Joss Stone
n4296,Stress (12)
n4297,Ruff Endz
n4303,B.R.E.T.T.
n4304,Rick Rock (2)
n4305,Obba Supa
n4306,John Robinson (3)
n4307,Young Money (2)
n4308,Lloyd
n4313,Guerilla Black
n4316,Gilles Peterson's Havana Cultura Band
n4323,C-Murder
n4324,Magic (2)
n4325,Ghetto Commission
n4326,Diamonds In Da Rough
n4327,Royal Flush
n4328,SoShy
n4329,Big Mike (3)
n4330,DJ U-Neek
n4331,Deams
n4336,Outkast
n4338,South Rakkas Crew
n4348,The Opposites
n4349,Gers Pardoel
n4350,Sef (3)
n4353,Fu-Schnickens
n4357,DJ Haze (3)
n4358,DJ Capcom
n4362,Adele (3)
n4363,Chyna Whyte
n4366,Krayzie Bone
n4367,Oobie
n4370,New Boyz (2)
n4376,Dirty Harry (3)
n4377,A-Team (6)
n4384,Wynter Gordon
n4389,Audio Sonic Crew
n4390,Electrodefender
n4392,Paradiso Girls
n4393,Schreiner
n4394,Vido
n4397,Stretch Armstrong
n4398,Stacks
n4401,Indo G
n4402,Made Men
n4403,Glaze N.Y.
n4406,E.S.G. (2)
n4412,Desmond Dekker
n4413,Cadillac Don
n4414,J-Money (3)
n4415,Skepta
n4416,Whitefield Brothers
n4425,Mr. Short Khop
n4429,LMNO (2)
n4430,Don Guralesko
n4431,Mateo
n4436,DJ Skee (2)
n4437,DJ Scream (5)
n4438,Dub Pistols
n4447,Masayah
n4453,Damizza
n4454,Shade Sheist
n4455,Cut Creator$
n4456,DJ Beware
n4463,DJ Cream
n4464,Tiffany Villarreal
n4465,Russell Lee
n4468,DJ A.P.
n4469,Jaheim
n4470,Shoznuff
n4472,MZ Lelee
n4476,Tyga
n4477,Travis McCoy
n4478,Denosh
n4482,Ghetto Concept
n4483,Sticky Fingaz
n4484,Jake One
n4485,Big Punisher
n4486,Lost Boyz
n4501,JT Money
n4502,Oxygen (16)
n4503,Hype Sound Productions
n4506,Sene
n4507,Blu (2)
n4515,Big Pokey
n4516,Dj Khéops
n4517,Passi
n4518,Sentenza
n4519,Chali 2NA
n4520,Evidence (2)
n4527,Gregory Isaacs
n4528,Ninjaman
n4529,The PreC.I.S.E. MC
n4534,Der Wolf
n4542,Macklemore
n4543,Ryan Lewis
n4546,R.O.C.
n4551,Tom Morello
n4562,DJ Spin
n4564,Adel Tawil
n4565,Vado
n4566,Big Tigger
n4574,Nicki Minaj
n4575,Julio Voltio
n4576,Lil Rob
n4577,Zhané
n4578,The Lox
n4583,Mundi MC
n4584,Gieno
n4585,Jamel Debbouze
n4586,Intrepid Stylez
n4591,Glen Adams Affair
n4594,DJ Mello
n4595,DJ Cinema
n4596,DJ L (2)
n4597,DJ Suss.One
n4598,DJ Roz
n4599,Della Miles
n4600,Lady Ice
n4601,Marcus (20)
n4604,Cassidy (3)
n4607,Don Cannon
n4608,Asher Roth
n4609,Tatwaffe
n4610,G-Style
n4611,DJ Wreckineyez
n4614,Letoya
n4615,Felli Fel
n4626,YoungBloodZ
n4631,Beyoncé Knowles
n4634,Syleena Johnson
n4635,Bow Wow
n4636,Willem de Bruin
n4637,Big2
n4642,Uffie
n4643,Duke Da God
n4646,Speedy (3)
n4647,Lumidee
n4648,H.O.T. Ones
n4649,Gym Class Heroes
n4650,Lights-Out Productions
n4665,Allah Mathematics
n4668,Wrongtom
n4669,Tinie Tempah
n4670,Lil' Wyte
n4671,Frayser Boy
n4672,D.C. Scorpio
n4675,Tammy Lucas
n4678,Sergent Garcia
n4679,La Capitana
n4680,Diddy - Dirty Money
n4681,Timbaland & Magoo
n4685,The Temple Of HipHop
n4695,Toyya
n4696,Mr Benn
n4697,Blackout Ja
n4698,Big Shasta
n4699,Danacee
n4700,Major Lazer
n4701,La Roux
n4702,El Da Sensei
n4703,Returners
n4710,Mac Mall
n4711,J-Ro
n4716,The Whooliganz
n4717,Wale
n4720,Shareefa
n4742,Dead Fucking Last
n4744,5th Ward Weebie
n4745,Harlem World
n4755,Boss Hogg Outlawz
n4760,Geto Boys
n4761,Lewis Parker
n4765,Blue Daisy
n4766,TOKiMONSTA
n4772,Ashley (13)
n4774,Johnta Austin
n4775,DJ Unk
n4778,Lady Gaga
n4779,Mowett
n4780,Dave Hollister
n4784,Stomy Bugsy
n4787,Masked Avengers
n4790,The New Power Generation
n4793,Katy Perry
n4794,Seven (16)
n4795,Marc Anthony
n4798,Grit Boys
n4799,Tum Tum
n4800,Professor Green
n4801,Aaliyah
n4805,Tom Jones
n4806,Spinderella
n4808,The Outdoorsmen
n4811,Miss T (2)
n4812,Lil' Zane
n4813,Pill (4)
n4814,The Rock Steady Crew
n4815,XSS
n4818,Sidney
n4819,David Guetta
n4824,Schivv
n4825,Natalia (3)
n4826,En Vogue
n4827,Cherrelle
n4831,The Dey
n4832,Hasan
n4835,Simon Vegas
n4836,Vanessa S.
n4841,True Master
n4844,Wisin Y Yandel
n4845,Ryan Leslie
n4846,Eric Turner
n4859,The Business Intl
n4860,Trek Life
n4861,Audio Live
n4864,B.o.B
n4865,Hayley Williams
n4867,Mr. Cheeks
n4868,Hazenberg
n4869,Retrogott
n4878,Wally Sparks
n4879,John Legend
n4880,Brian & Tony Gold
n4881,Gel One
n4882,Ken (37)
n4883,Novel
n4890,Will Smith
n4893,Boog Brown
n4894,Apollo Brown
n4895,Da Vinci (6)
n4901,Buckwild
n4908,Koma (3)
n4909,Lady Laistee
n4910,Chazz (7)
n4911,FYA
n4912,Smujji
n4913,Slim (3)
n4918,Troop (3)
n4921,Kool & The Gang
n4926,gENSu dEAn
n4929,Maestro Fresh-Wes
n4932,Cassandra Steen
n4933,Yosaku
n4934,DJ Day
n4935,B.O.B
n4936,Rivers Cuomo
n4942,Lytro
n4943,Preeya Kalidas
n4944,Marta (2)
n4945,Cyssero
n4946,J.O.
n4947,Penelope Jones
n4953,Hershe'
n4954,Ali Vegas
n4955,Kenny Rogers
n4958,Ill Bill
n4959,DJ Spinbad
n4960,DJ Slynke
n4963,Vinyl Richie 71
n4964,Weser Allstars
n4965,René Costy
n4968,Future Rock
n4970,Paul Nice
n4971,Jorun Bombay
n4972,Phill Most Chill
n4975,Infamous Mobb
n4978,Dr. Stay Dry
n4983,M.V.P.
n4985,OJ Da Juiceman
n4992,Mac (2)
n4993,Storm (48)
n4994,Rye Rye
n4995,M.I.A. (2)
n5005,Mista Chuck
n5008,Russell Simmons
n5012,The Ghetto Troopers
n5013,Monica
n5016,Prince Whipper Whip
n5019,Black Uhuru
n5022,Paradise (26)
n5023,Prospect
n5024,DJ Vadim
n5025,The Electric
n5026,Yarah Bravo
n5035,Nesti
n5036,Club Nouveau
n5037,Thrill Da Playa
n5044,Cory Gunz
n5055,Baka Boyz
n5057,3T
n5062,Dirt Nasty
n5066,N.O.R.E.
n5067,Juju (3)
n5070,Fiend (2)
n5080,Jacki-O
n5081,Omarion
n5082,Stanley Shaw
n5083,The Pearls (7)
n5084,Pearls Allstars
n5085,Oddisee
n5086,Deja Gruv
n5087,Tufu
n5088,Anthony Drawn
n5089,Broke Mogul
n5090,Jacky
n5091,Ben-J (2)
n5092,DJ Statik Selektah
n5093,Termanology
n5094,Willie Max
n5095,Skylar Grey
n5100,Ms. Gizzle
n5101,Dazzie Dee
n5104,K. Star
n5105,Castro
n5106,Duganz
n5107,Marcella Precise
n5114,DJ Tiësto
n5115,Kali Fam
n5124,Herbie Crichlow
n5125,Tarralyn Ramsey
n5129,General Patton
n5130,Baby Sham
n5134,Rashad Thomas
n5135,Sheek Louch
n5136,NDN
n5141,Diana King
n5142,Sarah King (2)
n5143,Good Buddha
n5146,Billy Ray (4)
n5152,The Original Latin All Stars
n5153,Cali Aleman
n5157,Papa Reu
n5158,H.A.W.K.
n5159,Pymp Tyte
n5160,Solo (5)
n5161,Ms.One
n5164,Missill
n5165,Spoek Mathambo
n5168,The Chopper City Boyz
n5175,Baby Cham
n5180,Alfonzo Hunter
n5181,Sun Dullah
n5182,Most Wanted Boys
n5188,MC Nas-D
n5189,Sahara (10)
n5192,Sharissa
n5195,Little Kirk
n5196,Ricky Rudie
n5202,Porsha (3)
n5203,Equipto
n5204,Michael Marshall
n5212,Shinehead
n5213,Luddy
n5214,The No Limit All Stars
n5217,Goodie Mob
n5218,TLC
n5219,Diox (2)
n5220,Corey (9)
n5221,Lil' Romeo
n5224,Trey Songz
n5226,Biohazard
n5227,Justin Bieber
n5228,Static Major
n5229,Sean Kingston
n5232,Mike Watts (6)
n5233,Jiz Nicklez
n5240,Carl Thomas
n5241,Opio
n5242,Mr. Marcelo
n5243,Mo Thugs Family
n5249,Julma Henri
n5250,RPK
n5251,Ellie Goulding
n5254,Boss Howg
n5257,Most Dope
n5258,Big Jerm
n5259,Mac Miller
n5262,Aphroe
n5263,DJ Rafik
n5264,Co-Ed
n5268,Ian Carey
n5269,Bobby Anthony
n5278,Federation
n5279,Marysia Starosta
n5280,Kaimbr
n5281,Kev Brown
n5282,Steady Mobb'n
n5288,Jeremih
n5289,MC D-Stroy
n5290,Flip Gates
n5291,Skratchy Seal
n5292,Afrojack
n5293,Nayer (2)
n5294,UGK
n5295,Gucci Mane
n5299,Red Hott
n5300,Edie Brickell & New Bohemians
n5301,Frank Nitty
n5309,Soulja Boy
n5310,Arab
n5311,Caz (3)
n5312,Jayo Felony
n5313,L.A. Nash (2)
n5316,The Lady Of Rage
n5317,Bravehearts
n5318,Cold World (2)
n5321,Peedi Crakk
n5322,Young Chris
n5324,Pit Baccardi
n5332,Legit Ballaz
n5333,Ta-Ku
n5334,Pavel Dovgal
n5341,Classical Leader
n5342,Tittsworth
n5343,Nina Sky
n5344,Willie Wartaal
n5345,Wretch 32
n5346,Example
n5347,Jean-Roch
n5348,Kat Deluna
n5351,Ghetto Diplomats
n5352,Ca$his
n5358,Megan Rochell
n5359,Kobra Prod.
n5360,Cataracs
n5361,Dev (4)
n5362,The Lonely Island
n5366,Layzie Bone
n5367,The Product G&B
n5370,Bruda Sven
n5371,J-Luv
n5375,Big Tyme
n5378,Assassin (2)
n5384,El DeBarge
n5385,Squeak E. Clean
n5386,Disco & The City Boyz
n5397,DJ Pfund500
n5398,DJ Sweap
n5401,ZZ-Bros.
n5402,Mario
n5403,Smitty (6)
n5406,DJ Enuff
n5407,J Remi
n5412,DJ Jazzy Jeff
n5413,Ayah (2)
n5414,Des Griffin
n5415,Hulk Hodn
n5416,Nicolette
n5417,Dynamite Deluxe
n5418,Tra-Knox
n5419,Boo (4)
n5420,Belly (3)
n5421,Ginuwine
n5424,Positive K
n5425,Yum Yum (5)
n5427,Lord Tariq
n5435,Duece Poppi
n5437,Meyhem
n5438,Shaz Illyork
n5439,Action Bronson
n5442,Santigold
n5443,Young Bleed
n5444,C-Loc
n5445,Montage One
n5447,Marsha Ambrosius
n5448,DJ Aladdin
n5449,Tamia
n5450,Gladys Knight
n5451,Ill Inspecta
n5465,Dj Vadim
n5474,Smoothe Da Hustler
n5478,Lil' Eazy-E
n5479,Biggie Smalls
n5480,Tony Yayo
n5485,MGMT
n5486,Ratatat
n5487,Toddla T
n5490,Autumatic
n5495,DJ Antoine
n5496,Тимати
n5497,Kalenna
n5505,Henry Rollins
n5506,Flea
n5507,Tom Caruana
n5508,The Beatles
n5511,Sha'Liek Rivers
n5512,The Fraternity
n5513,RAab
n5516,Ras Beats
n5519,Fetsum
n5520,Concentration Camp (3)
n5521,Do Or Die
n5522,Phife Dawg
n5528,SebastiAn (6)
n5531,Glenn Danzig
n5532,The Power And The Fury Orchestra
n5533,Iv My People
n5534,Baby DC
n5535,Тартак
n5536,Chakuza
n5537,Alexis Jordan
n5538,Bizzy Bone
n5539,Neg'Marrons
n5542,Гуляйгород
n5543,Nathan
n5548,Rock Marciano
n5549,Gangrene (3)
n5556,MC Shurakano
n5561,Hassaan Mackey
n5562,D.B.A. (3)
n5563,Melanie Durrant
n5568,Drumat!c
n5569,T.R.A.C.
n5570,Nathaniel Motte
n5575,Cole (9)
n5576,Francisco (11)
n5585,The Rock (2)
n5586,Melky Sedeck
n5587,Cleva (2)
n5588,Slademan
n5589,Jaz Kahina
n5590,Agallah
n5591,Cassie (2)
n5592,Amel Larrieux
n5593,Tyra B
n5598,Play-N-Skillz
n5599,Static
n5604,NOAH (13)
n5605,Bruno Mars
n5606,Butta Creame
n5610,Doomsday Productions
n5611,Marcello (3)
n5612,Wicked Lester
n5615,Habana Blues
n5626,Chief (6)
n5631,U.P.T.
n5632,LaTocha Scott
n5635,The Chandeliers (2)
n5636,Acaz
n5637,Nex (8)
n5638,DJ Paul (3)
n5639,Lord Infamous
n5648,Glenn Lewis
n5649,Pusha T
n5650,"Tyler, The Creator"
n5651,Carlos Santana
n5652,Stat Quo
n5653,Teena Marie
n5654,Maad*Moiselle
n5655,The WAV.s
n5656,Malcolm X
n5658,Snowgoons
n5659,Black Milk
n5660,Danny Brown (2)
n5663,Eligh
n5664,AMP Live
n5666,Cheryl The Pearl
n5667,"Joey Robinson, Jr."
n5668,David Banner
n5669,Sky (2)
n5670,K-Def
n5671,Die Profis (3)
n5678,Doc Hollywood
n5683,Choppa
n5684,Lil' Bow Wow
n5685,Fundisha
n5688,Ken Ishii
n5689,Indopepsychics
n5690,Fumiya Tanaka
n5699,Lil' Boosie
n5700,Webbie
n5701,Foxx (4)
n5702,Big Head
n5705,Rashad (2)
n5706,Confidence (2)
n5707,Baby Boy Da Prince
n5714,Aaron Hall
n5715,Miri Ben-Ari
n5716,Zion y Lennox
n5726,Wayne Marshall
n5729,Freck The Billionaire
n5730,Cheek (3)
n5731,Aspekti
n5732,Ray Lavender
n5735,The Dunk Ryders
n5740,Grafiti Boyz
n5741,Jibbs
n5742,2 Pistols
n5743,Tay Dizm
n5748,DJ Toomp
n5749,II Nazty
n5750,Scooter Smiff
n5753,Amina Harris
n5757,Nutt-So
n5759,Spikey T
n5760,R.J.
n5763,Mohombi
n5774,Yella
n5782,Ray West (4)
n5783,Star Slinger
n5784,Reggie B
n5785,Mr. Kane
n5791,Hector El Father
n5796,Wiz Khalifa
n5797,Junpei Shiina
n5798,Time Bomb (2)
n5799,Slip Capone
n5800,Silbermond
n5806,Nu Jerzey Devil
n5807,Nacho Picasso
n5810,Sia
n5811,L-Burna
n5815,Hubert Daviz
n5816,Alex Blood
n5819,Rusko
n5820,Chip-Man
n5821,The Buckwheat Boyz
n5830,Tru-Life
n5831,Rob G.
n5834,The Evaporators
n5857,Party Supplies
n5858,Jamal
n5859,Lil' Rascals (2)
n5860,The Pup Pound
n5863,Silla
n5864,Vanessa Williams
n5869,Conflix
n5876,Cash Money Millionaires
n5877,All Star
n5878,Yo Gotti
n5882,Dani Stevenson
n5885,Chingy
n5886,Angel Demar
n5887,K'naan
n5897,"Born Husslers, Inc."
n5898,K-Rab
n5899,Her Sanity
n5900,Jessi Malay
n5902,Wolfgang Gartner
n5903,Luciana Caporaso
n5904,Bass Poets
n5910,Plug 1
n5911,Plug 2
n5912,First Serve
n5913,Enemigo
n5916,So Plush
n5922,Mellowman
n5923,Chimp Beams
n5926,Christofield
n5929,Don Joe
n5932,Alfa Mega
n5933,Quesse
n5941,Simple Plan
n5942,Siccmade Muzicc
n5943,Ja.One & Twizzy
n5950,Виктор Цой
n5954,Steve Aoki
n5955,Angger Dimas
n5956,Iggy Azalea
n5958,Sizzla
n5966,Tela
n5976,Valezka
n5977,Rated PG (2)
n5980,Oh No
n5983,Q (62)
n5984,Hit From Tha Lbc
n5991,The Los Angeles Leakers
n5992,Ayatollah
n5993,The Nextmen
n5994,"OG Ron ""C"""
n5995,U2
n5997,K-Sluggah
n5998,KG Boom
n5999,Smiler (7)
n6002,Splack Pack
n6005,Melvin Riley
n6010,The INC
n6015,Texas Money Boyz
n6016,Dirty South Rydaz
n6017,Les Nubians
n6020,Mimi (4)
n6028,DJ Ideal (2)
n6029,DJ DCS
n6030,Point Three
n6031,Butch Cassidy
n6035,Eva Simons
n6036,Jim Jones (2)
n6037,Allen Anthony
n6042,Twisted Black
n6043,Page The Hand Grenade
n6046,Karel Gott
n6049,DJ E-Nyce
n6051,Lady G
n6054,D-Tay
n6055,Union (16)
n6056,Bïonik
n6058,The Mossie
n6059,The Foreign Exchange
n6062,DJ Cobra (4)
n6063,Budamunky
n6064,S.L.A.C.K.
n6071,Twit One
n6085,Re-Up Gang
n6088,V-Nasty
n6095,Kendrick Lamar
n6099,Gemini (77)
n6100,Azizi Gibson
n6101,Jeremiah Jae
n6110,Meek Mill
n6111,Fantasia (4)
n6112,Cotton Mouth
n6115,Strong Arm Steady
n6116,Low G
n6117,Rasheed
n6122,Stooshe
n6123,DJ Ev
n6124,SunN.Y.
n6125,Lex Dirty
n6130,RAF (21)
n6131,RAF 3.0
n6134,Soulson
n6135,Hannibal Lechter
n6136,Boogie Man (2)
n6137,T'Kalla
n6143,Mucho Muchacho
n6152,Cy Young
n6153,DJ Omen (2)
n6157,The Bankrupt Boys
n6167,ASAP Rocky
n6168,Tulisa
n6169,Raheem Devaughn
n6170,Monie
n6176,Juicy J
n6177,2 Chainz
n6180,Peaches Lavon
n6181,Anthrax
n6182,Fatgums
n6183,Bambu (6)
n6187,GOOD Music
n6188,The Purist
n6190,Skin Deep (2)
n6200,Shake Severs
n6201,Blood Raw
n6202,Young Dro
n6203,Big Kuntry
n6207,Yung Joc
n6212,Purpose (3)
n6213,Glasses Malone
n6214,Donell Jones
n6215,Robert Brooks (3)
n6216,NSS16
n6226,Rise (2)
n6229,K.P. Crew
n6234,Best Coast
n6235,Rostam Batmanglij
n6241,Dopestyle 1231
n6242,MOK (3)
n6243,60 Second Assassin
n6244,Crime Boss
n6262,DJ Derezon
n6265,TQ
n6268,Wayne Coyne
n6269,Rocket From The Crypt
n6278,Jee 2 Tuluz
n6283,The Criminal Minds
n6284,32 Troop
n6292,Suga Free
n6293,Mausberg
n6296,Twin Peaks (3)
n6307,Kandice Love
n6308,Naughty Boy (3)
n6309,Emeli Sande
n6310,The Ko' Rok Two
n6313,Guce
n6314,Killa Tay
n6315,Bullys Wit Fullys
n6316,Flux Pavilion
n6321,Joey Fingaz
n6324,Lecrae
n6325,Pacewon
n6326,Mr. Green (3)
n6331,Mikah 9
n6336,Westside Connection
n6337,Eloquent (3)
n6338,Pano (3)
n6339,Sarah Anne Webb
n6340,Yung La
n6341,Homeboy Sandman
n6342,Jaylib
n6345,N.A.P.
n6352,Leona Lewis
n6353,Childish Gambino
n6358,Die Hard (2)
n6359,Big Melle
n6370,Denyo
n6372,Zer.Fleisch
n6375,Bintia
n6382,Grand Creator K-Wiz
n6383,Matlock
n6385,Amerigo Gazaway
n6393,Hole (2)
n6394,Drasar Monumental
n6395,Jeannie Ortega
n6398,Future (4)
n6399,DJ Holiday (2)
n6400,Teflon Brothers
n6401,Stig (6)
n6402,Meiju Suvas
n6405,Oowee
n6406,Conor Maynard
n6409,Dillon Francis
n6410,Tarééc
n6417,7 Aurelius
n6418,Dizzee Rascal
n6421,Mr. Tan
n6422,Mystic (6)
n6429,Alesha
n6451,Jabba (3)
n6454,DJ Hype (2)
n6460,The All Stars (10)
n6468,Teej
n6481,6430
n6482,Addictive (2)
n6491,Trackmasters
n6492,Duchess
n6493,XSO Drive
n6494,Lyric (4)
n6502,O.S.T.R.
n6503,Hades (9)
n6504,7.L.C
n6505,Scap G
n6506,The Slab
n6509,Kelly Price
n6512,Emskee
n6521,Kess
n6525,Overground
n6526,Jody Watley
n6527,Anthony Hamilton
n6530,Ruff Ryders
n6531,Chico & Coolwadda
n6532,Tina (8)
n6535,Lyrical Giants
n6538,The Black Keys
n6541,Brädi
n6542,Sami Saari (2)
n6545,Kyrsten
n6546,Mr Fantastic
n6547,Aretha Franklin
n6548,Jay Are (2)
n6554,Gonjasufi
n6561,Adult Situations
n6564,Brodinski
n6565,DJ Semtex
n6582,Adrian Younge
n6583,Chris Webber
n6586,The Dallas Austin Experience
n6587,B Star
n6591,DJ Warrior
n6594,Dirty (4)
n6595,Lil Burn One
n6596,Mr. Blue
n6599,K-Fik
n6600,4Self
n6603,Kay One
n6604,August Alsina
n6611,Paul White (4)
n6612,P.A.P.I.
n6616,Melodee (2)
n6617,Cookin' Soul
n6620,Wun Two
n6621,Youngbloodz
n6622,Jim Crow
n6626,113
n6627,Reda Taliani
n6645,Taio Cruz
n6646,Jessie J
n6647,Big Sean
n6650,El Michels Affair
n6653,Mes
n6654,Kastrierte Philosophen
n6660,Paperi-T
n6661,Khid
n6667,Malik Yusef
n6668,Mona Lisa (2)
n6669,Slimm Calhoun
n6672,Florida Georgia Line
n6673,Max Tannone
n6676,Miami Boyz
n6678,Snoop Lion
n6679,Mavado
n6680,Popcaan
n6681,Mike Down
n6682,Robbie Williams
n6683,Jan Hammer Project
n6686,Gensu Dean
n6687,Jukka Poika
n6692,The Regiment
n6699,DaCapo
n6702,DJ Lord Ron
n6703,Krumb Snatcha
n6704,Sir Jinx
n6705,Gerald Levert
n6706,Cisco Kid (5)
n6710,Ed Sheeran
n6711,Robyn
n6714,Kyo Itachi
n6718,Stuey Rock
n6724,Ms D
n6729,Shai (3)
n6730,Icerocks DXA
n6734,Tateeze
n6738,Kokane
n6739,DJ Folk
n6740,Isy B
n6741,Alan (9)
n6742,UTP
n6743,Loki (19)
n6745,The Neptunes
n6746,Chamillitary
n6747,Labrinth
n6748,Ill Will
n6749,Laza Morgan
n6750,P.F. Cuttin'
n6753,Devox
n6754,Mystik
n6757,Hannibal Stax
n6766,Sam (132)
n6775,Delano (5)
n6782,Meeno
n6783,Dave Floss
n6784,Emoni Montanè
n6789,Kemuri Productions
n6790,L.O.V.E. (2)
n6793,Project Pat
n6796,Cubo
n6797,Salazar (7)
n6798,Jean Carlos Rodríguez
n6799,Ram Jam World
n6800,Speech
n6801,Rhymester
n6802,Prince Fatty
n6803,Hollie Cook
n6804,Horseman (2)
n6805,DJ Rapid Ric
n6806,Killa Kyleon
n6809,Takumi Kaneko
n6810,Mimismooth
n6811,Missez
n6812,Ariana Grande
n6813,Cher Lloyd
n6814,Body Count (2)
n6817,Talay Riley
n6818,Esmée Denters
n6819,Oliver The 2nd
n6824,1017 Brick Squad
n6825,Waka Flocka Flame
n6834,DJ Jack Beatz
n6840,Elvis Costello
n6855,Shannel
n6861,John Martin (9)
n6862,Mike WiLL Made It
n6863,Miley Cyrus
n6864,Classified (2)
n6865,David Myles (2)
n6866,Dibiase
n6867,Shash'u
n6870,DJ Taz (3)
n6871,Raheem The Dream
n6875,Paola & Chiara
n6876,Bone Brothers
n6877,Black Menace
n6880,Michelle Branch
n6889,Hus
n6890,Libyus Creators
n6891,Domo Genesis
n6892,Substance Abuse
n6896,Peter Hunningale
n6897,Tippa Irie
n6898,Pepper (5)
n6899,Daddy Freddy
n6900,Mann (3)
n6901,Iyaz
n6902,Chrome (6)
n6903,Ill Inspired
n6906,Heavy D. & The Boyz
n6912,Robin Thicke
n6913,Pahel
n6918,Fat Ray
n6923,Down South Hustlers
n6928,Roby Rob
n6929,GodsGift
n6933,Teddy Verseti
n6934,Fleur Earth
n6939,Poetic
n6940,A-Alikes
n6949,Mak Villain
n6952,E The 5th
n6962,Miss Jones (2)
n6963,Josh Kumra
n6966,Sheen Bros
n6967,Cosmo Baker
n6968,Greg Nice
n6969,Will Castro
n6970,Mat Zo
n6987,Kesha
n6997,Tag Connection
n6998,Chipie President
n6999,Vingthor The Hurler
n7000,AlunaGeorge
n7001,Harry Fraud
n7002,French Montana
n7003,LeToya Luckett
n7006,A Cat Called Fritz
n7009,Midwikid
n7010,Fonz (2)
n7011,K-Mane
n7012,George Kaplan
n7013,Drrock
n7018,Beyond Comprehension
n7024,The K.I.D.
n7039,Odweeyne
n7042,Coke Boys
n7046,Safarisounds
n7049,L'Orange
n7050,Stik Figa
n7051,Next (2)
n7052,DJ Kofi
n7053,Ed-Star
n7054,Jean Paul Esq
n7059,Cadillac Dale
n7061,Jare & VilleGalle
n7062,Ruudolf
n7063,Karri Koira
n7066,High Plains Drifter (2)
n7077,DJ MVP
n7078,Kinsu
n7084,Jason Mraz
n7085,Sierra Kusterbeck
n7090,Cashmere Cat
n7095,Toni Wirtanen
n7098,Dave Navarro
n7099,Chad Smith
n7107,Wanya Morris
n7108,Freddie Fingaz
n7111,Denmark Vessey
n7112,Scud One
n7114,Robin (56)
n7115,Mikael Gabriel
n7116,Uniikki
n7145,Anna Abreu
n7148,Gino (61)
n7149,Mercedes (4)
n7152,Lil' Fame
n7153,Young Thug (2)
n7154,Bloody Jay
n7167,C-Ride
n7170,Ivy Queen
n7173,Fela Kuti
n7174,Far East Movement
n7177,Young Gotti
n7186,Khop
n7187,Young Smitty
n7188,Sonji
n7189,DMG (2)
n7190,Boo Brown
n7191,Flokane
n7192,Clara Morgane
n7193,T.O.P. Rankaz
n7194,Osumi
n7195,Dejja
n7196,Freddie Gibbs
n7205,Icbm (2)
n7206,Trainspotters
n7215,Tamar Braxton
n7216,Psy 4 De La Rime
n7217,Chiens De Paille
n7218,The Omen (4)
n7219,Kamari
n7220,Cheri Dennis
n7221,Gorilla Zoe
n7228,"This, That & The 3rd"
n7229,Buzz (4)
n7230,Hezekiah
n7242,Beyuz
n7243,Emil (34)
n7244,Charli XCX
n7251,Blak Madeen
n7256,Blue (5)
n7257,The Cloaks
n7258,Girl Talk
n7270,Fuzati
n7275,Solé
n7278,Rappin' 4-Tay
n7279,Spinners
n7280,Tony Smallz
n7281,B. Ford
n7288,Hans Zimmer
n7289,The Magnificent Six (2)
n7290,Johnny Marr
n7291,Toy (5)
n7292,Scar (2)
n7301,Cool Breeze (2)
n7302,Witchdoctor
n7303,Sugar Roy
n7304,Conrad Crystal
n7305,J-Shin
n7308,Nate Ruess
n7311,"Barrio Soul, Inc."
n7312,ODM
n7313,Roc Bottom
n7314,Diane Gordon
n7319,DJ Fresh (7)
n7327,Grand Papa Tra
n7329,Sleepy Wonder
n7333,Dre
n7334,Fredro Starr
n7344,Dadoo
n7345,Vitaa
n7348,Blonde (3)
n7349,Ryan Ashley
n7350,One Chance
n7351,Fabo
n7352,Usher Raymond IV
n7353,Chuck Strangers
n7354,DJ Rob-N
n7355,DJ Supreme (3)
n7356,Aliosity
n7357,Hustle Gang
n7363,Psy (7)
n7366,Snails (4)
n7367,The Antiserum
n7377,Coo Coo Cal
n7378,Sinik
n7380,The Big One Crew
n7381,Riff Raff (16)
n7382,Curren$y
n7383,Mack Maine
n7386,Bleu Davinci
n7391,Migos
n7392,Kentyah
n7393,Brian Jackson
n7394,The New Midnight Band
n7397,BadBadNotGood
n7398,Prince Ital Joe
n7399,Pete Parkkonen (2)
n7400,Chuly
n7401,South Park Mexican
n7410,Melgroove
n7411,Saya (4)
n7412,Chris Lake
n7413,Tujamo
n7414,Kid Ink
n7421,Lex Luger
n7424,Les Sages Poetes De La Rue
n7425,Don Choa
n7426,AMG
n7427,The Rampagers
n7430,Joi (3)
n7440,MindsOne
n7444,Pat van Dyke
n7445,DJ Snake
n7446,P.J. (4)
n7447,J Dawg
n7454,Cody Wise
n7455,Sam Romans
n7458,DJ Cassidy
n7459,Lazy K (2)
n7460,Flex Mathews
n7463,Mr Hudson
n7473,DJ Bone (2)
n7476,Xavier Aeon
n7477,Sanni
n7478,Ville Galle
n7479,Jan Hammer
n7480,Fuse ODG
n7481,Seth Marcel
n7482,Azealia Banks
n7491,Victoria Beckham
n7499,Small Professor
n7500,M-Phazes
n7504,Maverick Sabre
n7505,Destructo (8)
n7506,YG (2)
n7510,Neila
n7511,Vrse Murphy
n7514,John Ryan (17)
n7515,Lazy Jay
n7525,Magno
n7534,Greg Gibbs
n7539,Janielle
n7542,Rita Ora
n7551,DJ Crook
n7552,Jennifer Hudson
n7555,Lee Scott
n7556,Illinformed
n7557,Rich Gang
n7558,The NDR Big Band
n7559,Rich Homie Quan
n7566,DJ Mustard
n7567,Majid Jordan
n7582,Will Brennan
n7583,Junior M.A.F.I.A.
n7586,Yellow Claw
n7587,Cesqeaux
n7589,Berner
n7591,Skubie Tha Ciko Son
n7592,El Debarge
n7599,Ghettosocks
n7606,Ray Parker Jr.
n7610,Brandon (5)
n7611,Osmo Ikonen
n7622,Fisz
n7623,Emade
n7624,Tworzywo Sztuczne
n7632,Lexington Bridge
n7633,Slim Kid 3
n7637,Mac McRaw
n7640,Kandi
n7642,Capleton
n7647,Just Blaze
n7648,Baauer
n7649,Sjaak
n7658,Repe Vortex
n7659,Köyhä Jonne
n7660,1 Life 2 Live
n7663,Strange U
n7666,G.Dot & Born
n7669,Koreatown Oddity
n7670,Ron G
n7671,DJ Dale
n7672,DJ Kebs
n7673,Kevin Michael
n7676,Sterling Simms
n7680,Felecia
n7681,Bach Logic
n7689,Matt (5)
n7699,Killakikitt
n7703,Beatnick & K-Salaam
n7706,Da Hood (3)
n7707,Bad Azz
n7714,Fashawn
n7717,Problem (6)
n7720,Nyt Owl
n7731,Mix Master Mike
n7732,Shepard Fairey
n7737,Cianna Blaze
n7740,Sini Sabotage
n7741,Pete Rock & C.L. Smooth
n7746,Maino
n7747,Natalie La Rose
n7750,Debonair P
n7753,Bigg Time
n7754,Kool-Ace
n7755,Que Bo Gold
n7756,D Boss
n7759,Two Culture Clash
n7760,Tanya Stephens
n7765,J.S.
n7779,DJ Iron (2)
n7780,Run
n7783,Dolla (2)
n7790,Ambersunshower
n7797,Aivovuoto
n7800,Big Oomp
n7801,Baby D (2)
n7802,Lil C (4)
n7803,Static (15)
n7804,Blaxuede
n7805,Turk (2)
n7806,Archie Eversole
n7807,Just Divine
n7808,DJ Rick Lee
n7809,Lil Pete
n7810,Shawty Beezlee
n7817,Hot Ones
n7818,MSD (3)
n7819,Gina D
n7824,Tinashe (2)
n7825,Blaque (2)
n7831,Malik B.
n7838,Eddie Bo
n7839,CunninLynguists
n7840,Dap-C
n7841,Tiger
n7842,Lil Eddie
n7846,Eastkoast
n7849,Mellowdramatik
n7852,Sage The Gemini
n7853,Lookas
n7855,Karl Krings
n7873,Ahmed Chawki
n7874,Do
n7875,Stromae
n7876,Lorde
n7877,Haim (2)
n7878,Bossolo
n7881,Shawty Lo
n7887,Billy Cobham
n7888,Hunger (2)
n7891,James Fauntleroy II
n7892,DeVante Swing
n7907,Lucenzo
n7908,Maejor Ali
n7909,Sevyn Streeter
n7910,Joe Styles
n7911,Nu Beginning
n7914,Mark Knight
n7918,Michael Fall
n7919,Rick Ellback
n7920,Aziza (10)
n7925,Lil' Cease
n7926,Kevin Tandu
n7927,Kube (4)
n7928,Arrested Development
n7930,Dj Abdel
n7933,CoryaYo
n7934,Grim Reaperz
n7935,Emcee Killa
n7936,Setä Tamu
n7937,Kuningas Pähkinä
n7938,Oku Luukkainen
n7939,Millionaire Men
n7940,Razihel
n7941,TeamMate
n7943,Ophélie Winter
n7946,Jon Secada
n7947,Cyndi Lauper
n7950,Raw Poetic
n7951,Jörn-Uwe Fahrenkrog-Petersen
n7952,Ray Dalton
n7955,Starvin B
n7956,Fel Sweetenberg
n7957,Touch & Nato
n7958,Vinnie Paz
n7963,Ilari Sahamies
n7967,Elliphant
n7968,Symbiz
n7975,Young Zee
n7980,Giallo Point
n7981,SmooVth
n7991,Tripple C
n7996,Mohamed Lamine
n7997,Gzuz187
n7998,Bonez MC
n7999,Boogz Boogetz
n8000,Mysonne
n8001,Black Ice (4)
n8009,Easy Mo Bee
n8010,Re Re
n8013,Cyhi Da Prynce
n8014,Mike Posner (2)
n8017,Gary Caos
n8018,Snow Tha Product
n8020,Ghetto Twiinz
n8035,Triple (2)
n8036,Sena
n8039,Sampler Orchestra
n8044,Urban Mystic
n8048,Downtech
n8049,Mike G (2)
n8050,Prime Suspects
n8051,Estee Nack
n8052,Preddy
n8056,Chuuwee
n8062,Cap.One
n8063,Skooly
n8064,Short Dawg
n8067,Tam Tam (10)
n8068,Chill (17)
n8073,Da Prince Hakim
n8074,Maroon 5
n8079,Cr7z
n8081,The Hoodratz (2)
n8082,Roy Jones Jr.
n8085,40 Glocc
n8086,Gza
n8089,DJ LRM
n8090,Mr. R
n8100,Czarface
n8101,Maitre Gims
n8123,Becky G
n8127,Akomplice
n8130,Ty$
n8134,Tupac Shakur
n8143,VD3
n8144,Shockwave (4)
n8145,Elastinen
n8146,LeAnn Rimes
n8149,Creo-D
n8150,Kri$tal
n8157,Mr. Lexx
n8158,Merciless
n8168,Dendemann
n8172,Sadistik
n8176,Aulla
n8177,Youtaro'Nusro'
n8183,Wreckshop Wolfpack
n8184,Home Made 家族
n8185,May J.
n8186,Maboroshi
n8187,Avrex
n8188,Big Shug
n8189,Prodeje
n8190,Karriem Riggins
n8203,Donel Smokes
n8205,DJ Create
n8208,Poverty (2)
n8237,Huey (2)
n8238,MeMpHiTz
n8242,Sunny Valentine
n8243,Nitti
n8244,The Lumberjacks
n8247,Blak Jak
n8248,Romey Rome
n8257,Natalie Alvarado
n8262,Tink (7)
n8272,Eric Nally
n8277,YKZ
n8278,The Dragon Family
n8285,Spider Loc
n8286,King Mez
n8287,Guano Apes
n8288,Beat Studies
n8291,SDP (5)
n8297,Redd (8)
n8300,Big Pooh
n8310,Ayden (3)
n8313,B.B. King
n8316,1200 Techniques
n8322,YoungbloodZ
n8323,GMC (9)
n8328,DJ Spinna
n8329,Noise Cans
n8333,The Brown Crowd
n8336,Demolition Man
n8339,Nikke Ankara
n8340,Aki Tykki
n8343,Mayhemm
n8344,Nutmeg (5)
n8345,Rampage (28)
n8346,Rated-X (3)
n8349,Shindy
n8350,Blanco (6)
n8351,DB Tha General
n8354,Baby Doll
n8358,Lucio Bukowski
n8359,Fitz Ambro$e
n8362,3re Da Hardaway
n8363,Black Renega
n8370,Bomba Estéreo
n8371,Yungstar
n8374,Bodyrox
n8379,Spearhead X
n8380,Big Buckz
n8390,Sté Strausz'
n8393,Mark Sparks
n8394,Kakalaka Foundation
n8395,Gorilla Glock
n8415,Otakhee
n8421,With You.
n8422,Vince Staples
n8425,Borgore
n8426,G-Eazy
n8429,Slip (14)
n8434,Boondox
n8435,Bukshot
n8436,Aqualeo
n8439,Travis Scott (2)
n8440,Zaytoven
n8454,Strawberri
n8455,Hot G.R.I.T.S.
n8456,Beat Bruisers
n8457,Pawz One
n8475,Jadyn Maria
n8477,Haystak
n8479,Quavo
n8487,ASAP Ferg
n8494,Ghetto Life
n8499,Master Fuol
n8500,WestsideGunn
n8505,J. Holiday
n8518,5 Chuckles
n8522,Yazid
n8523,Dutch & Spade
n8524,Wax Wreckaz
n8525,Sensay
n8526,Benjie
n8529,Jess Glynne
n8532,La' Chat
n8533,Trizz (2)
n8541,Goon Sqwad
n8546,Bebe Rexha
n8547,I Love Makonnen
n8557,DJ Concept
n8559,Open Mike Eagle
n8566,OMC
n8574,Broiler (2)
n8575,Bekuh Boom
n8576,Roope Salminen & Koirat
n8577,AC Slater
n8578,Dell Harris
n8581,Quelle Chris
n8582,Too Dirt For TV²
n8586,Earthless
n8587,Pell
n8588,Zig Zags
n8589,The Goat & The Occasional Others
n8590,Too Phat
n8591,Popek
n8600,Ill Treats
n8601,Beelow
n8608,Zaho
n8609,Kase
n8610,Gunplay
n8611,Anderson .Paak
n8612,WizKid (4)
n8613,Kyla (3)
n8614,The Throne (2)
n8615,DJ Exclusive
n8617,Hedegaard
n8618,Brandon Beal
n8619,Aaron Skyy
n8621,Chali 2na
n8622,Debi Nova
n8625,Jack Garratt
n8628,Isac Elliot
n8630,Tippa-T
n8636,Issugi
n8637,PB Louison
n8638,Pilar Montenegro
n8639,Tackhead
n8640,Robo Bass Hifi
n8641,Fats Comet
n8643,Wreckin Yard
n8644,Rasta Faraman
n8645,Eric Dikeb
n8647,Hafner (2)
n8651,Deuce Deuce
n8653,Sad (2)
n8654,Djemeia
n8655,Busy Bee
n8658,Aloe Blacc
n8665,Havoc (3)
n8676,Lil' Troy
n8677,T2 (7)
n8678,Cl'che
n8679,Dimitri From Paris
n8683,Hot Stylz
n8686,Miles Davis
n8687,Alessia Cara
n8692,Superhirn
n8700,Rozewood
n8706,Smoovth
n8707,Oster Lapwass
n8708,Destruct
n8713,Jimmy Z (2)
n8714,Nick Skitz
n8718,Angel (114)
n8723,The Spin Masters
n8735,Evelina (4)
n8738,Soulhead
n8739,Mr. Blistah
n8748,Body Head Bangerz
n8749,Trouble Tha Truth
n8761,Rich The Kid
n8765,Calvin Harris
n8770,When Saints Go Machine
n8774,Spitta Andretti
n8780,Conway (6)
n8787,Terence Chill
n8788,Das Tagteam
n8793,Dido
n8798,Grace Tither
n8804,Red Hot Lover Tone
n8805,Organized Konfusion
n8811,21 Savage
n8812,Metro Boomin
n8816,Taylor Swift
n8839,KRNE
n8844,Cash Cash (3)
n8845,Neon Hitch
n8846,Infa-Red
n8850,Henry X
n8853,DVBBS
n8854,Shaun Frank
n8855,Delaney Jane
n8857,Busy Signal
n8858,Assassin
n8861,Michael Uzowuru
n8865,Drop City Yacht Club
n8866,Colossus (18)
n8869,Dusky (2)
n8870,Daniel Son (2)
n8881,TM88
n8888,Imagine Dragons
n8889,Logic (27)
n8890,X Ambassadors
n8893,Sam Martin (5)
n8896,Loopwhole Beats
n8906,The Enforcers (5)
n8907,Run The Jewels
n8923,Post Malone
n8929,Daddy-O
n8930,Freestyle Fellowship
n8932,Knife Party
n8940,Robin (8)
n8941,Alozade
n8944,ETC!ETC!
n8945,Corporate Slackrs
n8947,Patty Crash
n8948,Flipcyide
n8949,Bilal Salaam
n8950,Verbal Kent
n8953,Red Pill
n8954,Semi Hendrix
n8955,DJ Starscream (2)
n8956,Russell Peters
n8957,Maffew Ragazino
n8958,Marcus & Martinus
n8959,Invincible (2)
n8960,Pierre Anthony
n8961,Kenn Starr
n8962,Blakk Soul
n8963,Drew Dave
n8964,YU (2)
n8965,Supastition
n8966,Melanie Rutherford
n8967,4 Rax
n8968,Diamond District
n8969,XO (2)
n8970,The Black Opera
n8971,Ugly Heroes (2)
n8977,7even Thirty
n8978,Mello Music Group
n8979,Khrysis
n8980,Duke Westlake
n8998,D Flow
n9013,Michie Mee
n9014,Tavaris
n9019,T-White
n9020,Skrillex
n9021,Jauz
n9022,Casely
n9023,Haze (71)
n9029,La Cosca
n9030,Turntable Dragun'Z
n9031,Fa†e
n9042,Union Analogtronics
n9043,Sirens
n9044,Vigilante (2)
n9045,Cuns
n9046,Ali Shaheed Muhammad
n9047,A-F-R-O
n9050,Tha Blockburners
n9051,Birdy Nam Nam
n9052,Young D
n9053,Superpower
n9054,Ice Mone
n9059,BlackMonk
n9062,Lil Yachty
n9063,Atom Pushers
n9064,DJ Wavy
n9067,PJ (35)
n9085,JME (2)
n9086,Yade Lauren
n9087,Lil'O
n9088,Boogie Down Berlin Crew
n9089,Hoodie Allen
n9101,B Money
n9104,D.R.A.M.
n9107,Fokis
n9109,Smoke DZA
n9114,Charlie Puth
n9119,Mura Masa
n9120,Milka (2)
n9129,Showtyme
n9132,Inna
n9133,Little Boots
n9150,Black M (2)
n9151,MHD (4)
n9152,Abou Debeing
n9153,Christophe Willem
n9154,Inna Modja
n9157,The Fixxers
n9165,Lil Uzi Vert
n9172,UltraMi
n9173,Rage Against The Machine
n9176,Austin Mahone
n9181,Artisanal
n9184,Cardi B
n9185,Markone1
n9186,The Brothers (33)
n9193,Flosstradamus
n9194,1st
n9195,graves (9)
n9196,Key!
n9201,Tal (9)
n9203,Keys N Krates
n9206,Saipher Soze
n9211,T-Dhurr
n9212,Tre Dolla
n9219,Neville Staple
n9220,S.A.S. (4)
n9226,Cainon Lamb
n9229,PARTYNEXTDOOR
n9232,DJ Thoro
n9237,Killa Klump
n9238,DJ Rip
n9239,Louise Chantál
n9240,Singer Blue
n9241,Miles Kane
n9244,Mega Banton
n9245,Odd Mob
n9246,Starley
n9249,Richgirl
n9250,Marc E. Bassy
n9258,Mr. Sicaluphacous
n9259,Axwell Λ Ingrosso
n9260,The Funk Hunters
n9263,DJ E-Feezy
n9264,K. Michelle
n9274,NAV (7)
n9275,The Weeknd
n9277,Ricco Barrino
n9278,Box Cutter Brothers
n9282,Vindata
n9284,Frank Ocean
n9291,Felicia Rochester
n9297,Prezident Lourajder
n9300,Chelo
n9301,JoJo (3)
n9306,Toto
n9307,Ami Miller
n9316,Jhené AIko
n9321,Lil Kano
n9322,Billy Cook
n9333,CL (3)
n9334,OG Maco
n9348,MEDZ (2)
n9349,Kings (5)
n9355,Kyle Jason
n9356,The Banned (7)
n9357,The SLAMjamz Artist Revue
n9358,Sam F (2)
n9359,Sophie Rose
n9364,The New Music Cartel
n9365,Chester French
n9373,E-White
n9399,Shiba-Yankee
n9400,G.K. Maryan
n9405,Kyle (74)
n9422,DJ Dister
n9427,99 Percent
n9428,Taïro
n9433,Olivia Holt
n9439,Goapele
n9443,Nate Greenberg
n9445,Rod Stewart
n9446,Miguel (67)
n9449,Kamaiyah
n9452,Warporn Industries
n9454,D Strong
n9455,Schoolboy Q
n9460,Machine Gun Kelly (2)
n9461,Camila Cabello
n9462,Desiigner
n9463,Lenny D (2)
n9464,Khalid (16)
n9468,BJ The Chicago Kid
n9471,Chrisette Michele
n9474,Rae Sremmurd
n9475,On-U Sound
n9476,Sorana (3)
n9479,Jalise Romy
n9484,Priscilla Jones
n9485,Chance The Rapper
n9486,Dej Loaf
n9489,Mary Lambert (2)
n9490,Wanz
n9491,Kaytranada
n9492,13 Productions (2)
n9493,Marko Penn
n9494,Wreckshop Records
n9497,The Agricolites
n9499,Pia Mia
n9500,Matoma
n9501,Bobby Valentino
n9502,Kidd Kidd
n9507,J. Cole
n9511,Young Capone
n9512,Cocaine J
n9513,Men In My Head
n9517,Spin Master A-1
n9528,Jesse Royal
n9534,Ras (21)
n9537,Swae Lee
n9551,John Jigg$
n9552,Soulja Slim
n9565,St. Joe Louis
n9569,Guts
n9570,Beat Assailant
n9571,Mary May (2)
n9572,Wolfgang (38)
n9575,Arman Cekin
n9576,Paul Rey (3)
n9577,Jalil (3)
n9578,D'Opus & Roshambo
n9579,Breana Marin
n9580,Fetty Wap
n9581,Jason Derulo
n9582,The Unit (3)
n9583,Starrah
n9584,Dj M-1
n9595,Otis Redding
n9619,Stephen Marley
n9622,Topic (2)
n9629,Bryson Tiller
n9638,Chapee
n9639,Max I Million
n9640,DJ Butta
n9641,Concrete Mob
n9642,Tank (4)
n9651,Tara-Lynne
n9660,Bet 1
n9661,Света
n9663,Kloake (2)
n9664,Nez Erok
n9665,Sista In Trouble
n9666,Dr. Hijack
n9667,Not Your Dope
n9668,Max Schneider (5)
n9676,Wacko (2)
n9677,Skip (2)
n9682,Que (11)
n9704,Husalah
n9709,Chip (9)
n9710,Frisco (2)
n9711,Tom Waits
n9712,Aesop Waits
n9717,Purity Ring
n9724,Doug Pray
n9727,Embis
n9728,Su Su
n9733,Haak MC
n9745,Slaine
n9762,Gradis Nice
n9773,Juyen Sebulba
n9777,Zao (5)
n9786,DJ Brisk Fingaz
n9788,Malika (2)
n9789,DJ Motion (3)
n9790,The MJM Artists
n9793,Sigma (8)
n9794,Sebastian Kole
n9795,Quality Control (6)
n9796,Takeoff
n9797,Offset (10)
n9810,Reckonize Real
n9811,Katrina Blackstone
n9812,Pitch 92
n9820,Blackbear
n9829,Thundercat
n9830,The Chopstars
n9831,KDL (3)
n9835,INI
n9839,DJ Harvey D
n9860,Havana (10)
n9861,Anitta
n9862,Mc Zaac
n9863,Tropkillaz
n9864,DJ Yuri Martins
n9872,RaRa (9)
n9873,Brandon Rossi
n9876,Titty Boy
n9877,Gage Gully
n9878,Brass Menazeri
n9886,Quasimoto
n9897,Coast Contra
n9899,Stori
n9900,Aazar
n9902,Hot Chelle Rae
n9913,Sevenn
n9916,Good Compny
n9923,Jamie Cullum
n9924,Al.divino
n9927,Vada (7)
n9928,Olukara
n9934,Jimmy Yitty
n9935,The Kount (3)
n9936,J.Robb (2)
n9937,Kazpale C. DaVincci
n9955,Ibrahim Maalouf
n9966,Stevie Wonder
n9967,Tech N9ne
n9968,¡Mayday!
n9969,Kendall Morgan
n9970,Benny (45)
n9971,Kris Wu
n9972,Rich Brian
n9973,Trippie Redd
n9974,Joji
n9982,The Jacka
n9983,Kirko Bangz
n9984,Pilot (13)
n9985,Marty James
n9988,Grandtheft
n9993,Whethan
n9995,Green Cross
n9996,Ondubground
n10002,Roscoe Dash
n10014,Sairas T
n10015,Tory Lanez
n10016,Marshmello (2)
n10028,Rak-Su
n10029,IAmSu
n10041,BlocBoy JB
n10047,D.L.
n10056,Young Mac
n10057,ElonSkee
n10062,Who's Sane
n10065,TruthVybez
n10066,Generale Q
n10067,Aiza
n10071,Guidi (2)
n10079,DJ Reggie Reg
n10086,U-God
n10087,Masta Killa
n10088,Chad Hugo
n10089,Shay Haley
n10090,The Game
n10091,A-Plus
n10092,Phesto
n10093,Tajai
n10094,Frukwan
n10095,Jarobi White
n10096,Akil
n10097,Zaakir
n10098,Akrobatic
n10099,DJ Fakts One
n10100,Black Knights of the North Star
n10101,DJ Yella
n10102,MC Ren
n10103,Goldie Loc
n10104,DJ Babu
n10105,Eric B.
n10106,B-Twizzy
n10107,Chip Banky B
n10108,Polite
n10109,Nino
n10110,Big Sam
n10111,Lil' Bo
n10112,Sean P.
n10113,J-Bo
n10114,Young Scooter
n10115,Deacon the Villain
n10116,Natti
